-- phpMyAdmin SQL Dump
-- version 5.2.0
-- https://www.phpmyadmin.net/
--
-- Host: 127.0.0.1
-- Generation Time: Jun 25, 2023 at 07:29 AM
-- Server version: 10.4.24-MariaDB
-- PHP Version: 8.1.6

SET SQL_MODE = "NO_AUTO_VALUE_ON_ZERO";
START TRANSACTION;
SET time_zone = "+00:00";


/*!40101 SET @OLD_CHARACTER_SET_CLIENT=@@CHARACTER_SET_CLIENT */;
/*!40101 SET @OLD_CHARACTER_SET_RESULTS=@@CHARACTER_SET_RESULTS */;
/*!40101 SET @OLD_COLLATION_CONNECTION=@@COLLATION_CONNECTION */;
/*!40101 SET NAMES utf8mb4 */;

--
-- Database: `data_gizi`
--

-- --------------------------------------------------------

--
-- Table structure for table `alembic_version`
--

CREATE TABLE `alembic_version` (
  `version_num` varchar(32) NOT NULL
) ENGINE=InnoDB DEFAULT CHARSET=utf8mb4;

--
-- Dumping data for table `alembic_version`
--

INSERT INTO `alembic_version` (`version_num`) VALUES
('977fab88fce5');

-- --------------------------------------------------------

--
-- Table structure for table `data_anak`
--

CREATE TABLE `data_anak` (
  `id` int(11) NOT NULL,
  `nik` varchar(16) NOT NULL,
  `nama` varchar(255) NOT NULL,
  `jenis_kelamin` varchar(10) NOT NULL,
  `tanggal_lahir` date NOT NULL,
  `berat_lahir` float NOT NULL,
  `tinggi_lahir` float NOT NULL,
  `id_orang_tua` int(11) NOT NULL
) ENGINE=InnoDB DEFAULT CHARSET=utf8mb4;

--
-- Dumping data for table `data_anak`
--

INSERT INTO `data_anak` (`id`, `nik`, `nama`, `jenis_kelamin`, `tanggal_lahir`, `berat_lahir`, `tinggi_lahir`, `id_orang_tua`) VALUES
(47, '5202080606192554', 'KEISYA PUTRI ', 'Perempuan', '2019-06-06', 3.1, 50, 25),
(48, '5202084301202131', 'NUR SYUHADA ', 'Perempuan', '2020-01-03', 3.2, 48, 26),
(49, '5202081307190004', 'HAIDAR ALI ', 'Laki-laki', '2019-07-13', 2.7, 51, 27),
(50, '5202084609190008', 'AMELIA MUTIARA IBRAHIM ', 'Perempuan', '2019-09-06', 2.9, 49, 28),
(51, '5202080812190007', 'M. SAPIK AZRULLAH ', 'Laki-laki', '2019-12-08', 3, 50, 29),
(52, '5202080311190006', 'UBAID AGIASTA YASIN ', 'Laki-laki', '2019-11-03', 3, 50, 35),
(53, '5202081409190004', 'RAY SAKA ALI ', 'Laki-laki', '2019-09-14', 3, 48, 36),
(54, '5202086003190009', 'REVA MARIZKIA Z ', 'Perempuan', '2019-03-20', 3, 50, 37),
(55, '5202083001190050', 'KEVIN SANJAYA ', 'Laki-laki', '2019-01-30', 3.3, 48, 38),
(56, '5202087101190030', 'ALIYA INDIANIA ', 'Perempuan', '2019-01-31', 3.2, 48, 39),
(57, '5202080103190040', 'RAFA HULAIFI ', 'Laki-laki', '2019-03-01', 2.8, 48, 40),
(58, '5202081906190020', 'HABIB MAULAN AKBAR ', 'Laki-laki', '2019-06-19', 2.7, 48, 41),
(59, '5202082607190030', 'ARROYAN DILAN ALFARIZKI ', 'Laki-laki', '2019-07-26', 3, 49, 42),
(60, '5202081408190230', 'BAHARUDI YUSUF HABIBI ', 'Laki-laki', '2019-08-14', 3, 50, 43),
(61, '5202081208190054', 'IMAM HAROFI ', 'Laki-laki', '2019-08-12', 3.1, 51, 44),
(62, '5202086705200053', 'BQ.ADILA AZILYA WARDANI ', 'Perempuan', '2020-05-27', 2.8, 49, 45),
(63, '5202085606209834', 'AISYA NAJWA PUTRI ', 'Perempuan', '2020-06-16', 3, 48, 46),
(64, '5202981605209879', 'BERLY ', 'Laki-laki', '2020-05-16', 3, 48, 47),
(65, '5202081108170012', 'GIZA SYAUQI AGUSTIAN ', 'Laki-laki', '2017-08-11', 2.9, 50, 48),
(66, '5202085703202908', 'ELSA AURELIA ', 'Perempuan', '2020-03-17', 3, 48, 49),
(67, '5202082903209891', 'M. MANGKU ALAM ', 'Laki-laki', '2020-03-29', 3, 48, 50),
(68, '5202086706200021', 'FAEZA AFNAN W. ', 'Perempuan', '2020-06-27', 3.1, 49, 51),
(69, '5202081305200018', 'SUGA AL-AYYUBI ', 'Laki-laki', '2020-05-13', 3, 49, 52),
(70, '5202086502203000', 'NI WAYAN AFREEN AISHWARYA ', 'Perempuan', '2020-02-25', 2.9, 48, 53),
(71, '5202080102208877', 'ZHIO ZAKA RABANI ', 'Laki-laki', '2020-02-06', 3, 48, 54),
(72, '5202086206207865', 'SALMA ZAHRATUSSIFA ', 'Perempuan', '2020-06-22', 3, 49, 55),
(73, '5202082510186565', 'AZLAN AL KHADAPI ', 'Laki-laki', '2018-10-25', 3.2, 49, 56),
(74, '5202085402202213', 'AISYA NAZIHA ', 'Perempuan', '2020-02-14', 3.1, 49, 57),
(75, '5202085905202140', 'AZZAHRA RADIA ALMIRA ', 'Perempuan', '2020-05-19', 3.2, 50, 58),
(76, '5202086907180110', 'WAFA ASKADINA ', 'Perempuan', '2018-07-29', 3, 49, 59),
(77, '5202081203200110', 'M. ZIO ALTA RAIHAN ', 'Laki-laki', '2020-03-12', 3.1, 49, 60),
(78, '5202082411191100', 'LABIB NAUVAL AS. ', 'Laki-laki', '2019-11-24', 3, 50, 61),
(79, '5202085402180401', 'KAYLA FEBRIANI ', 'Perempuan', '2018-02-14', 3.1, 51, 62),
(80, '5202085103200005', 'ZAHRINA FATIA ', 'Perempuan', '2020-03-11', 3, 50, 63),
(81, '5202082304200008', 'M. DANIEL ARROYAN ', 'Laki-laki', '2020-04-23', 3, 50, 64),
(82, '5202086004200021', 'FATIHA NADIRA ', 'Perempuan', '2020-04-20', 3.2, 48, 65),
(83, '5202086003190009', 'REVA MARIZKIA Z ', 'Perempuan', '2019-03-20', 3, 50, 66),
(84, '5202080912190022', 'M. ZALFA IBRAHIM ', 'Laki-laki', '2019-12-09', 3.1, 51, 67),
(85, '5202081202205983', 'M. LICKY PEBRIAN ', 'Laki-laki', '2020-02-12', 3, 48, 68),
(86, '5202082607190030', 'ARROYAN DILAN ALFARIZKI ', 'Laki-laki', '2019-07-26', 3, 49, 69),
(87, '5202085908199806', 'ALUNA AYUNINDIA ', 'Perempuan', '2019-08-19', 3, 49, 70),
(88, '5202086710190050', 'KANAYA OKTA HANSABILA ', 'Perempuan', '2019-10-27', 3, 50, 71),
(89, '5202085002200040', 'DHUHA KHUMAIRA ', 'Perempuan', '2020-02-10', 3, 50, 72),
(90, '5202086804208564', 'AKILA NAILA PATIYA ', 'Perempuan', '2020-04-28', 3, 49, 73),
(91, '5202082706200042', 'M.FATHAN AL GIFARI ', 'Laki-laki', '2020-06-27', 2.9, 48, 74),
(92, '5202080903200003', 'ALFIN ALFANDI ', 'Laki-laki', '2020-03-09', 3, 48, 75),
(93, '5202080305200036', 'M.GILANG RAMDAN ', 'Laki-laki', '2020-05-03', 2.7, 49, 76),
(94, '5202086302209972', 'MARISA FEBRIANI ', 'Perempuan', '2020-02-23', 3.2, 49, 77),
(95, '5202081202200065', 'NADIA MAULIDA. H ', 'Perempuan', '2020-02-12', 3.1, 50, 78),
(96, '5202081707200013', 'M. SYAQIL ASSYAKIRI ', 'Laki-laki', '2020-07-17', 3, 50, 79),
(97, '5202084608206634', 'ZIANA AZZAHRA ', 'Perempuan', '2020-08-06', 3.3, 50, 80),
(98, '5202085808209086', 'ZILA IRMAYANA ', 'Perempuan', '2020-08-18', 3, 48, 81),
(99, '5202081603190024', 'M. AZRIL ALFANDI ', 'Laki-laki', '2019-03-16', 3.2, 51, 82),
(100, '5202082604209435', 'RIZKI ALFARIZI ', 'Laki-laki', '2020-04-26', 3, 48, 83),
(103, '5202080102208877', 'ZHIO ZAKA RABANI ', 'Laki-laki', '2020-02-06', 3, 48, 84),
(104, '5202081207208976', 'ZIDAN MAULA TIARA PUTRA ', 'Laki-laki', '2020-07-12', 3, 49, 85),
(105, '5202084301202131', 'NUR SYUHADA ', 'Perempuan', '2020-01-03', 3.2, 48, 86),
(106, '5202086502206982', 'GEA AMALAN MAGFIRO ', 'Perempuan', '2020-02-25', 3, 48, 87),
(107, '5202080807200010', 'I MADE RAHANDIKA ', 'Laki-laki', '2020-07-08', 3, 48, 88),
(108, '5202081801200010', 'M. ZULFATAN ', 'Laki-laki', '2020-01-18', 3, 50, 89),
(109, '5202086503200101', 'NADIRA AINUN NUFUS ', 'Perempuan', '2020-03-25', 3, 50, 90),
(110, '5202080607200017', 'M. GIBRAN WIJAYA ', 'Laki-laki', '2020-07-06', 2.9, 50, 91),
(111, '520208090920019 ', 'M. DZAKA AL-WAFI ', 'Laki-laki', '2020-09-09', 3, 48, 92),
(112, '5202080412170018', 'M. HARI TANU ', 'Laki-laki', '2017-12-04', 2.7, 51, 93),
(113, '5202081062000014', 'M. ABIZAR ', 'Laki-laki', '2020-06-16', 3, 50, 94),
(114, '5202082412200120', 'EMANG MAYADI ', 'Laki-laki', '2020-12-24', 3, 50, 95),
(115, '5202085107200022', 'KAISYA ASMA FATINA ', 'Perempuan', '2020-07-11', 3.1, 49, 96),
(116, '5202080809190021', 'M. ILMAN ZAKIRI ', 'Laki-laki', '2019-09-08', 3.1, 51, 97),
(117, '5202082012200010', 'HAIKAL SAPUTRA ', 'Laki-laki', '2020-12-20', 3, 49, 98),
(118, '5202085202200001', 'SOFIA ASSIFA ', 'Perempuan', '2020-06-12', 3.2, 48, 99),
(119, '5202088512192311', 'SUSILA CAHYA DEWI ', 'Perempuan', '2019-12-25', 2.7, 47, 100),
(120, '5202086111191091', 'NAFA CAHAYA MAULIDA ', 'Perempuan', '2019-11-21', 3, 49, 101),
(121, '5202081052000040', 'AZLAN YUSUF KHALID ', 'Laki-laki', '2020-05-31', 2.8, 49, 102),
(122, '5202086407200043', 'AIS YOLANDA HUMAIRA ', 'Perempuan', '2020-07-24', 2.8, 49, 103),
(123, '5202082101210005', 'MUHAMAD ULUL AZMI ', 'Laki-laki', '2021-01-21', 3, 49, 104),
(124, '5202801704195406', 'M. AZKA ARRASYID ', 'Laki-laki', '2019-04-17', 2.8, 49, 105),
(125, '5202086710187009', 'JULIANI ', 'Perempuan', '2018-10-27', 3.2, 48, 106),
(126, '5202080704190415', 'M.DIKA PRATAM ', 'Laki-laki', '2019-04-07', 2.8, 49, 107),
(127, '5202084410180901', 'WINDI AYATUL UMMA ', 'Perempuan', '2018-04-10', 3.2, 50, 108),
(128, '5202084403200002', 'ZAKIRA ZAKRAH ', 'Perempuan', '2020-03-04', 3, 50, 109),
(129, '5202081809200002', 'ABDULLAH KHAERUL AZAM ', 'Laki-laki', '2020-09-18', 3, 50, 110),
(130, '5202086708200002', 'AGISNA AINSIYA HUSNA ', 'Laki-laki', '2020-08-27', 3, 49, 111),
(131, '5202086001190048', 'AINAYA KHANZA SALSABILA ', 'Perempuan', '2019-01-20', 2.9, 49, 112),
(132, '5202084205200602', 'ASYIFA PUTRI ', 'Perempuan', '2020-05-02', 3, 53, 113),
(133, '5202084603180903', 'AZKIA BILQIS ', 'Perempuan', '2018-03-06', 3.1, 51, 114),
(134, '5202086004200401', 'MIKAILA HARPIANA.R ', 'Perempuan', '2020-04-20', 2.9, 52, 115),
(135, '5202086901200003', 'NAZILA AULIA PUTRI ', 'Laki-laki', '2020-01-29', 3, 49, 116),
(136, '5202085512180095', 'NOVATUL ARAFAH ', 'Perempuan', '2018-12-15', 2.9, 48, 117),
(137, '5202081210199003', 'SALIM ATTAMIMI ', 'Laki-laki', '2019-10-12', 3, 51, 118),
(138, '5202084411180001', 'SOVIA NOVITA ', 'Laki-laki', '2018-11-04', 3, 50, 119),
(139, '5202081504200054', 'AHMAD AZAM SYABANI ', 'Laki-laki', '2020-04-15', 3.1, 48, 120),
(140, '5202081707200069', 'AKROM ZAIDAN.H ', 'Laki-laki', '2020-07-17', 3.2, 49, 121),
(141, '5202082312200003', 'KHAIRIL IMAM ', 'Laki-laki', '2020-12-23', 3, 50, 122),
(142, '5202802002212500', 'ZYAN RISKI MAULANA ', 'Laki-laki', '2021-02-20', 3.1, 50, 123),
(143, '5202081912190012', 'A. HIFDZI KHALIF ', 'Laki-laki', '2019-12-19', 3, 50, 124),
(144, '5706214865  ', 'ATTHAYA REYNA NAZRA ', 'Perempuan', '2021-06-17', 3.3, 50, 125),
(145, '5202081405180022', 'HASBI SYAKBANI ', 'Laki-laki', '2018-05-14', 3, 50, 126),
(146, '5202082804190028', 'L. AGIP APANDI ', 'Laki-laki', '2019-04-28', 3, 50, 127),
(147, '5202081411190036', 'M. FARIZ AUZAN ', 'Laki-laki', '2019-11-14', 3, 50, 128),
(148, '5202084612203681', 'M. FATONI ', 'Laki-laki', '2020-12-06', 2.8, 49, 129),
(149, '5202082808205427', 'M. HEGI PARDANA ', 'Laki-laki', '2020-08-28', 2.9, 48, 130),
(150, '5202085712198970', 'DESTINA ANGGRAINI ', 'Perempuan', '2019-12-17', 3, 48, 131),
(151, '5202081008199890', 'M. ADHA ', 'Laki-laki', '2019-08-10', 3.1, 49, 132),
(152, '5202086308188976', 'ZIADATUL JINAN ', 'Perempuan', '2018-08-23', 3, 49, 133),
(153, '5202084406190002', 'AFIFA RIZKI FITRIA ', 'Perempuan', '2019-06-04', 2.9, 50, 134),
(154, '5202084507180001', 'AUFA NUHA ALIFIANI ', 'Perempuan', '2018-07-05', 3.2, 48, 135),
(155, '5202085206200088', 'AULIA NADA ', 'Perempuan', '2020-06-12', 2.9, 50, 136),
(156, '5202800102218148', 'M. AYDAN ', 'Laki-laki', '2021-02-01', 2.9, 50, 137),
(157, '5202085609203204', 'ALIFA AGNIA RAHMA ', 'Perempuan', '2020-09-06', 3, 50, 138),
(199, '5202085703202908', 'ELSA AURELIA ', 'Perempuan', '2020-03-17', 3, 48, 139),
(200, '5202082903209891', 'M. MANGKU ALAM ', 'Laki-laki', '2020-03-29', 3, 48, 140),
(201, '5202086608209321', 'NISWATUL AZIZAH ', 'Perempuan', '2020-08-16', 3, 49, 141),
(202, '5202086907209879', 'ZAHIRA HUMAIRA ', 'Perempuan', '2020-07-29', 3.2, 50, 142),
(203, '5202084904200110', 'ZIFANI A. ', 'Perempuan', '2020-04-09', 3, 50, 143),
(204, '5202086511180020', 'NI WAYAN GITA NOVIANA ', 'Perempuan', '2018-11-25', 2.9, 48, 144),
(205, '5202082104210010', 'I WAYAN AGASTA PRATAMA ', 'Laki-laki', '2021-04-21', 3, 49, 145),
(206, '5202086302190015', 'KAMALA FEBIYANTI ', 'Perempuan', '2019-02-23', 2.9, 50, 146),
(207, '5202080504200023', 'M.SAOQI AL HIKAM ', 'Laki-laki', '2020-04-05', 3, 50, 147),
(208, '5202080803190017', 'M.YASA AL FATIH ', 'Laki-laki', '2019-03-08', 3.1, 48, 148),
(209, '5202804404215549', 'RAYNA ELIZA RISKIANA ', 'Perempuan', '2021-04-04', 2.8, 47, 149),
(210, '1409205622  ', 'M. IQBAL ARSYA PUTRA ', 'Laki-laki', '2020-09-14', 3, 48, 150),
(211, '5202084310209429', 'THARA KHALISA ', 'Perempuan', '2020-10-03', 3, 49, 151),
(212, '5202082901213421', 'RIZKI FEBRIAN ', 'Laki-laki', '2021-01-27', 3, 49, 152),
(213, '5202080612210003', 'HILMAN MAULANA ', 'Laki-laki', '2021-12-06', 3.2, 50, 153),
(214, '5202082403186423', 'AHMAD ZIAUL HAQQI ', 'Laki-laki', '2018-03-24', 2.7, 47, 154),
(215, '5202081601196770', 'M. FARIZ AZMI ', 'Laki-laki', '2019-01-16', 3, 49, 155),
(216, '5202086603196837', 'AQILA RATU AZALIA ', 'Perempuan', '2019-03-26', 3.2, 48, 156),
(217, '5202085104190087', 'WADINA AILA NABILA ', 'Perempuan', '2019-04-11', 3, 50, 157),
(218, '5202084204207169', 'BAIQ ALESA HUMAIRA ', 'Perempuan', '2020-04-02', 2.8, 48, 158),
(219, '5202084509205674', 'SEFTIANA AULIA ', 'Perempuan', '2020-09-05', 3, 48, 159),
(220, '5202086908192129', 'FATIA AULIA HAKIMA ', 'Perempuan', '2019-08-29', 3.1, 49, 160),
(221, '5202082306210007', 'GAESAN RAFASA ', 'Laki-laki', '2021-06-23', 3, 50, 161),
(222, '5202804706180000', 'ALIKA LAILA PUTRI ', 'Perempuan', '2018-06-07', 3, 48, 162),
(223, '5202082306190987', 'ENDA ABKARI AL FARUQ ', 'Laki-laki', '2019-06-23', 3, 48, 163),
(224, '5202080104181100', 'JELITA AFRILIANI ', 'Perempuan', '2018-04-01', 3, 48, 164),
(225, '5202084404180013', 'ASHEEQA ZAREEN OMERA ', 'Perempuan', '2018-04-04', 2.9, 48, 165),
(226, '5202801108180003', 'M. GENTA SANDIAGA PUTRA ', 'Laki-laki', '2018-08-11', 3, 49, 166),
(227, '5202086204200110', 'NAZILATIL ULA ', 'Perempuan', '2020-04-22', 3, 48, 167),
(228, '5202084207200110', 'NADINE ZOYA KHANZA ', 'Perempuan', '2020-07-02', 3, 48, 168),
(229, '5202082505210010', 'ABDILLAH AL AZIZI ', 'Laki-laki', '2021-05-25', 3, 50, 169),
(230, '5202805510215130', 'YAZMIN MUMTAZAH ', 'Perempuan', '2021-10-15', 3, 50, 170),
(231, '5202081710210020', 'M. AZZAM NUR WAHID ', 'Laki-laki', '2021-10-17', 3, 50, 171),
(232, '5202086310210020', 'AYISA ABILA ', 'Perempuan', '2021-10-23', 3, 50, 172),
(233, '5202084307180065', 'CIMORA SALSABILA ', 'Perempuan', '2018-07-03', 2.9, 49, 173),
(234, '5202081801200010', 'M. ZULFATAN ', 'Laki-laki', '2020-01-18', 3, 50, 174),
(235, '5202084301200002', 'NAZILA SYARIFATUNNISA ', 'Perempuan', '2020-01-03', 2.9, 49, 175),
(236, '5202085802210009', 'DEA ADELINA PUTRI ', 'Perempuan', '2021-02-18', 3, 49, 176),
(237, '5202081004210097', 'M. ADAM ', 'Laki-laki', '2021-04-10', 2.9, 50, 177),
(238, '5202081103190368', 'M. VIKI ADRIAN ', 'Laki-laki', '2019-03-11', 3, 49, 178),
(239, '5202080910190029', 'AHMAD SAUPIAH ', 'Laki-laki', '2019-10-09', 3, 50, 179),
(240, '5202082412190014', 'SAPUTRA ', 'Laki-laki', '2019-12-24', 3, 51, 180),
(241, '5202086803200019', 'ADIVA AGNIA SALSABILA ', 'Perempuan', '2020-03-28', 3, 51, 181),
(242, '5202080505200021', 'ABID ZAKI ', 'Laki-laki', '2020-05-05', 3, 50, 182),
(243, '5202080702210008', 'M. ALI IMRON ', 'Laki-laki', '2021-02-07', 3, 49, 183),
(244, '5202082602210077', 'LABIBUL FIKRI ', 'Laki-laki', '2021-02-26', 3, 49, 184),
(245, '5202080809189001', 'DENIS HIKAM ', 'Laki-laki', '2019-09-08', 3, 50, 185),
(246, '5202084110190024', 'ADELISA ANDRIAINI ', 'Perempuan', '2019-10-01', 3, 49, 186),
(247, '5202080504200009', 'AKSA FATHUL HADI ', 'Laki-laki', '2020-04-05', 3.2, 51, 187),
(248, '5202084605200011', 'AISHWA NAHLA ', 'Perempuan', '2020-05-06', 2.9, 50, 188),
(249, '5202080601190034', 'MUZAKKIR AL FATIH ', 'Laki-laki', '2019-01-06', 2.9, 49, 189),
(250, '5202086301190015', 'AINUN HANA MARYAM ', 'Perempuan', '2019-01-23', 3.3, 49, 190),
(251, '5202084910200838', 'NAFISA KHUMAIRA ', 'Perempuan', '2019-10-09', 2.9, 50, 191),
(252, '5202086004190021', 'ALIFA FIKRIA RABANI ', 'Perempuan', '2019-04-20', 2.9, 53, 192),
(253, '5202801903211397', 'M. GAZALI ', 'Laki-laki', '2021-03-19', 3.2, 51, 193),
(254, '5202801811211791', 'M. ADAM LEVIN ', 'Laki-laki', '2021-11-18', 2.8, 48, 194),
(255, '5202804506214274', 'ELSA AULIA RAHMA IRAWAN ', 'Perempuan', '2021-06-05', 3.2, 51, 195),
(256, '5202081808200001', 'GHONY SAKA DIAHURRAHMAN ', 'Laki-laki', '2020-08-18', 3, 50, 196),
(257, '5202082408190012', 'M.AL GUFRON ', 'Laki-laki', '2019-08-24', 2.7, 51, 197),
(258, '5202086706200031', 'NADIRA SOFIATUL HUSNA ', 'Perempuan', '2020-06-27', 3.1, 50, 198),
(259, '5202082406180035', 'NOVAL ANGGARA PUTRA ', 'Laki-laki', '2018-06-24', 2.9, 48, 199),
(260, '5202080205200026', 'RAZKA MEIZAR RAMADAN ', 'Laki-laki', '2020-05-02', 2.8, 51, 200),
(261, '5202082304190222', 'HARIRI SRI GEDE ', 'Laki-laki', '2019-04-23', 2.9, 48, 201),
(262, '5202082909200003', 'M.FAJAR ', 'Laki-laki', '2020-09-29', 3, 50, 202),
(263, '5202086305180002', 'NATASYA FITRI ', 'Perempuan', '2018-05-23', 3, 49, 203),
(264, '5202081104180100', 'ABDUL RAZAK ', 'Laki-laki', '2018-04-11', 3, 50, 204),
(265, '5202085003180802', 'AQILA NAZIFA ', 'Perempuan', '2018-03-10', 3, 50, 205),
(266, '5202081405180043', 'AZRIL RAFIQ HAKIKI ', 'Laki-laki', '2018-05-14', 3, 50, 206),
(267, '5202081108180901', 'EL FAROBI RIZKY ', 'Laki-laki', '2018-08-11', 3.1, 50, 207),
(268, '5202080312200001', 'HAFIDZAN RAFA KHAIRY ', 'Laki-laki', '2020-12-03', 3, 49, 208),
(269, '5202081204196605', 'HARVI SABYAN. M ', 'Laki-laki', '2019-04-12', 2.8, 49, 209),
(270, '5202082011200002', 'KHAIRIL KHADAFI ', 'Laki-laki', '2020-11-20', 3, 49, 210),
(271, '5202084409180002', 'NADZILA SEPTIANA ', 'Perempuan', '2018-09-04', 3, 50, 211),
(272, '5202081408197006', 'RIZKI ADITYA ', 'Laki-laki', '2019-08-14', 3.1, 50, 212),
(273, '5202087105200302', 'ROSINTA MAY SAFITRI ', 'Perempuan', '2020-05-31', 2.7, 50, 213),
(274, '520280632211991 ', 'AQILA HULFA NADIFA ', 'Perempuan', '2021-02-23', 2.7, 49, 214),
(275, '5202802905215028', 'DIWAN SAPUTRA ', 'Laki-laki', '2021-05-29', 2.6, 47, 215),
(276, '5202081703190025', 'GUGUN ALISKI ', 'Laki-laki', '2019-03-17', 3, 49, 216),
(277, '5202082412180024', 'YASA DESTINO ', 'Laki-laki', '2018-12-24', 2.9, 50, 217),
(278, '5202085703190006', 'AZZAHRA ANGGRAINI ', 'Perempuan', '2019-03-17', 3, 49, 218),
(279, '5202083008200050', 'AT.HALA AKBAR ', 'Laki-laki', '2020-08-30', 3, 50, 219),
(280, '5202084707180029', 'YULIAWATI ', 'Perempuan', '2018-07-07', 3.4, 48, 220),
(281, '5202085308180002', 'ALISA SALSABILA HANIFA ', 'Perempuan', '2018-08-13', 3.1, 49, 221),
(282, '5202085712180034', 'SUSAN ERLINA ', 'Perempuan', '2018-12-17', 2.8, 49, 222),
(283, '5202081103190035', 'TIARA AQILA ', 'Laki-laki', '2019-03-11', 3.1, 50, 223),
(284, '5202084310200001', 'LUKLU ZAYNA PELANGI ', 'Perempuan', '2020-10-03', 2.6, 49, 224),
(285, '5202081310180023', 'HANS PRASETYA ', 'Laki-laki', '2018-10-13', 3, 50, 225),
(286, '5202801509214841', 'M. SHOLEH ATTAMIMI ', 'Laki-laki', '2021-09-15', 2.9, 49, 226),
(287, '5202800408207118', 'ZAFRAN ALFARIZI ', 'Laki-laki', '2020-08-04', 2.8, 48, 227),
(288, '5202800510218862', 'GIBRAN AL MALIK ', 'Laki-laki', '2021-10-05', 2.9, 49, 228),
(289, '5202082505180300', 'M. AZKA HADIR ', 'Laki-laki', '2018-05-25', 2.6, 48, 229),
(290, '5202801508218954', 'M. DADIK PADLI R ', 'Laki-laki', '2021-08-15', 2.9, 49, 230),
(291, '5202802201205636', 'M.HIZAMHAFIZ ALFARIZI ', 'Laki-laki', '2020-01-22', 2.9, 49, 231),
(292, '5202085910187986', 'NAFAZATUN SALIHA ', 'Perempuan', '2018-10-19', 3, 48, 232),
(293, '5202085207190110', 'ANISA PUTRI ', 'Perempuan', '2019-07-12', 3, 50, 233),
(294, '5202081804190110', 'FATHUL AKBAR ', 'Laki-laki', '2019-04-18', 3, 50, 234),
(295, '5202081806180110', 'ALMERA OKTARI FATIHAH ', 'Laki-laki', '2018-06-18', 3.1, 51, 235),
(296, '5202085804190110', 'BQ. ALISA NURUL S. ', 'Perempuan', '2019-04-18', 2.7, 50, 236),
(297, '5202085206190110', 'BQ. MUTIARA NURLAELA R. ', 'Perempuan', '2019-06-12', 3.2, 48, 237),
(298, '5202085911190110', 'DEVINA AULIA ', 'Perempuan', '2019-11-19', 3, 48, 238),
(299, '5202800403191558', 'L.M RIZKI ADRIAN ', 'Laki-laki', '2019-03-04', 2.9, 49, 239),
(300, '5202084809204627', 'SITI ASMA MUTIA ', 'Perempuan', '2020-09-08', 3.2, 50, 240),
(301, '5202085003199080', 'AYNALA FATHUR RAHMA ', 'Perempuan', '2019-03-10', 3, 49, 241),
(302, '5202802607214201', 'M HAIKAL MIRZA ', 'Laki-laki', '2021-07-26', 3, 50, 242),
(303, '5202082412189798', 'M. HAFIZ ALFARIZI ', 'Laki-laki', '2018-12-24', 3, 48, 243),
(304, '5202084801200002', 'ZAHIRA ASSOFA ', 'Perempuan', '2020-01-08', 2.8, 51, 244),
(305, '5202084806200038', 'AFIFA RISKIA AMANDA ', 'Perempuan', '2020-06-08', 3.2, 48, 245),
(306, '5202082108209573', 'AHMAD YASIN AL MUBAROK ', 'Laki-laki', '2020-08-21', 2.9, 49, 246),
(307, '5202085908190031', 'AISYAH FARHANA ', 'Perempuan', '2019-08-19', 3.2, 50, 247),
(308, '5202082312209863', 'ARKA ZAYAN FAROBI ', 'Laki-laki', '2020-12-23', 3.2, 50, 248),
(309, '5202086802200012', 'AYUMI NISWA A. ', 'Perempuan', '2020-02-28', 2.8, 49, 249),
(310, '5202803003180098', 'M. RIZKI AL PATIHA ', 'Laki-laki', '2018-03-30', 2.9, 48, 250),
(311, '5202081304199817', 'NABIL FIRDAUS ', 'Laki-laki', '2019-04-13', 3, 48, 251),
(312, '5202805506203067', 'YULIA ZANJABILA ', 'Perempuan', '2020-06-15', 2.9, 50, 252),
(313, '5202802604216561', 'ELSANUM MANATI ', 'Laki-laki', '2021-04-26', 3.1, 51, 253),
(314, '5202084407188618', 'L. PRADIPTA ', 'Laki-laki', '2018-07-04', 3.4, 50, 254),
(315, '5202080601200035', 'L.M. ARKA ', 'Laki-laki', '2020-01-06', 3.1, 50, 255),
(316, '5202086811190019', 'ATTAYA AQILA ', 'Perempuan', '2019-11-28', 2.7, 48, 256),
(317, '5202086408190034', 'TASYA MILONA ', 'Perempuan', '2019-08-24', 3.1, 48, 257),
(318, '5202081903194567', 'DIKI PRADANA ', 'Laki-laki', '2019-03-19', 3, 48, 258),
(319, '5202800907211183', 'ZIDAN ARKANA PUTRA ', 'Laki-laki', '2021-07-09', 3, 50, 259),
(320, '5202080102200020', 'AIMAN HAFIZ R. ', 'Laki-laki', '2020-02-01', 3, 49, 260),
(321, '5202080311202475', 'M. AKIL AL FARIZI ', 'Laki-laki', '2020-11-03', 3.2, 49, 261),
(322, '5202086301207854', 'RAISYA HANUM ', 'Perempuan', '2020-01-23', 2.8, 50, 262),
(323, '5202085601190110', 'NURJANAH ', 'Perempuan', '2019-01-16', 2.8, 50, 263),
(324, '5202081602190110', 'I KOMANG ARTHANA ', 'Laki-laki', '2019-02-16', 3, 50, 264),
(325, '5202085303200110', 'NI KOMANG AYUNDA ', 'Perempuan', '2020-03-13', 3.1, 48, 265),
(326, '5202085307180008', 'NINA AMALIA ', 'Perempuan', '2018-07-13', 3.3, 50, 266),
(327, '5202082204190025', 'ADAM ZOHDIAN ', 'Laki-laki', '2019-04-22', 2.9, 48, 267),
(328, '5202081903200149', 'FAIZAN ABQORI ', 'Laki-laki', '2020-03-19', 3.1, 48, 268),
(329, '5202085510200200', 'HANINDIA SAQUINA ', 'Perempuan', '2020-10-15', 2.6, 49, 269),
(330, '5202083005200148', 'M.ZIYAD AL IMRON ', 'Laki-laki', '2020-05-30', 3.2, 49, 270),
(331, '5202080812201000', 'MUHAMAD GILANG ', 'Laki-laki', '2020-12-08', 2.7, 48, 271),
(332, '5202082905190133', 'SUKMADANI PRAYASA ', 'Laki-laki', '2019-05-29', 3.1, 51, 272),
(333, '5202804711212960', 'ZAFIRA NOVIANI ', 'Perempuan', '2021-11-07', 2.6, 49, 273),
(334, '5202083103196754', 'M. ZIKRI ', 'Laki-laki', '2019-03-31', 3, 49, 274),
(335, '5202806503180011', 'ERLIN MARLINA ', 'Perempuan', '2018-03-25', 3, 48, 275);

-- --------------------------------------------------------

--
-- Table structure for table `data_gizi`
--

CREATE TABLE `data_gizi` (
  `id` int(11) NOT NULL,
  `id_anak` int(11) NOT NULL,
  `usia_diukur` int(11) NOT NULL,
  `tanggal_pengukuran` date NOT NULL,
  `berat` float NOT NULL,
  `tinggi` float NOT NULL,
  `jumlah_vitamin_a` int(11) NOT NULL
) ENGINE=InnoDB DEFAULT CHARSET=utf8mb4;

--
-- Dumping data for table `data_gizi`
--

INSERT INTO `data_gizi` (`id`, `id_anak`, `usia_diukur`, `tanggal_pengukuran`, `berat`, `tinggi`, `jumlah_vitamin_a`) VALUES
(8, 47, 8, '2020-02-22', 9, 66, 1),
(9, 48, 1, '2020-02-22', 5.7, 55, 1),
(10, 49, 7, '2020-02-19', 8.1, 61, 1),
(11, 50, 5, '2020-02-19', 7.3, 60, 1),
(12, 51, 2, '2020-02-19', 6.3, 56, 1),
(13, 52, 3, '2020-02-11', 6.2, 57, 1),
(14, 53, 4, '2020-02-10', 7.1, 59.5, 1),
(15, 54, 10, '2020-02-06', 10.6, 70.6, 1),
(16, 55, 2, '2020-11-20', 9.7, 66.3, 1),
(17, 56, 2, '2020-11-20', 8.6, 65, 1),
(18, 57, 3, '2020-11-20', 8.4, 62, 1),
(19, 58, 7, '2020-11-20', 8.8, 65, 1),
(20, 59, 8, '2020-11-20', 9.3, 65, 1),
(21, 60, 9, '2020-11-20', 8.1, 62.9, 1),
(22, 61, 12, '2020-08-18', 10, 69, 1),
(23, 62, 3, '2020-08-27', 5.5, 55, 1),
(24, 63, 2, '2020-08-19', 6.2, 56, 1),
(25, 64, 3, '2020-08-19', 8, 60.8, 1),
(26, 65, 36, '2020-08-19', 15.8, 90, 1),
(27, 66, 5, '2020-08-21', 6.2, 57, 1),
(28, 67, 4, '2020-08-21', 6.1, 56, 1),
(29, 68, 1, '2020-08-13', 5.9, 56, 1),
(30, 69, 3, '2020-08-13', 6.7, 58.5, 1),
(31, 70, 5, '2020-08-24', 7.7, 61.5, 1),
(32, 71, 6, '2020-08-15', 10.2, 69, 1),
(33, 72, 1, '2020-08-15', 4.9, 53, 1),
(34, 73, 21, '2020-08-03', 13.8, 84.3, 1),
(35, 74, 6, '2020-08-22', 8.6, 64, 1),
(36, 75, 3, '2020-08-22', 7.1, 58.2, 1),
(37, 76, 24, '2020-08-19', 12.5, 81, 1),
(38, 77, 5, '2020-08-18', 8.5, 64, 1),
(39, 78, 8, '2020-08-05', 10, 70, 1),
(45, 79, 29, '2020-08-04', 11, 73.3, 1),
(46, 80, 5, '2020-08-11', 7.6, 61.6, 1),
(47, 81, 3, '2020-08-11', 6.5, 57.2, 1),
(48, 82, 3, '2020-08-10', 6.7, 58.7, 1),
(55, 83, 16, '2020-08-06', 12, 77.2, 1),
(56, 84, 7, '2020-08-05', 8.9, 65.4, 1),
(57, 85, 5, '2020-08-05', 8.1, 62, 1),
(58, 86, 12, '2020-08-19', 11, 73, 1),
(59, 87, 12, '2020-08-19', 10.5, 71, 1),
(60, 88, 9, '2020-08-19', 9.5, 67, 1),
(61, 89, 6, '2020-08-19', 9, 64, 1),
(62, 90, 3, '2020-08-19', 8, 62, 1),
(63, 91, 7, '2021-02-22', 10, 68.9, 1),
(64, 92, 11, '2021-02-22', 10.3, 70.2, 1),
(65, 93, 9, '2021-02-15', 9, 65.9, 1),
(66, 94, 11, '2021-02-02', 9.8, 69.5, 1),
(67, 95, 11, '2021-02-02', 9.6, 68, 1),
(68, 96, 6, '2021-02-08', 9.2, 65, 1),
(69, 97, 5, '2021-02-01', 8.8, 63.5, 1),
(70, 98, 6, '2021-02-17', 10.5, 72, 1),
(71, 99, 22, '2021-02-03', 13, 79.8, 1),
(72, 100, 9, '2021-02-04', 10.1, 70, 1),
(73, 103, 12, '2021-02-18', 11.6, 76, 1),
(74, 104, 7, '2021-02-18', 9.3, 67, 1),
(75, 105, 13, '2021-02-20', 11.4, 76.5, 1),
(76, 106, 11, '2021-02-20', 11, 73, 1),
(77, 107, 6, '2021-02-01', 10.1, 69, 1),
(78, 108, 12, '2021-02-06', 9, 66, 1),
(79, 109, 10, '2021-02-08', 7.5, 60, 1),
(80, 110, 6, '2021-02-02', 10, 69.7, 1),
(81, 111, 4, '2021-02-02', 8.1, 63, 1),
(82, 112, 38, '2021-02-04', 13.7, 82.4, 1),
(83, 113, 7, '2021-02-08', 8.4, 64, 1),
(84, 114, 1, '2021-02-08', 5.5, 55, 1),
(85, 115, 7, '2021-02-17', 8.7, 64, 1),
(86, 116, 16, '2021-02-03', 11.9, 76.7, 1),
(87, 117, 1, '2021-02-03', 6.8, 58, 1),
(88, 118, 8, '2021-02-13', 9.3, 67.5, 1),
(89, 119, 13, '2021-02-13', 10.4, 72.1, 1),
(90, 120, 14, '2021-02-03', 10.2, 71, 1),
(91, 121, 32, '2023-02-27', 11.1, 85.5, 1),
(92, 122, 31, '2023-02-27', 9.5, 79.8, 1),
(93, 123, 25, '2023-02-27', 9.5, 77.2, 1),
(94, 124, 46, '2023-02-18', 12.6, 92.9, 1),
(95, 125, 51, '2023-02-20', 12.2, 95, 1),
(96, 126, 46, '2023-02-20', 11.8, 92, 1),
(97, 127, 58, '2023-02-20', 11.4, 89.2, 1),
(98, 128, 35, '2023-02-20', 10.4, 84.6, 1),
(99, 129, 29, '2023-02-21', 9.4, 81.5, 1),
(100, 130, 29, '2023-02-21', 10, 83, 1),
(101, 131, 49, '2023-02-21', 11.8, 93.3, 1),
(102, 132, 33, '2023-02-21', 9.2, 82.7, 1),
(103, 133, 59, '2023-02-21', 13.3, 89.3, 1),
(104, 134, 34, '2023-02-21', 10.3, 84.5, 1),
(105, 135, 36, '2023-02-21', 10.7, 85.7, 1),
(106, 136, 50, '2023-02-21', 11.6, 94.3, 1),
(107, 137, 40, '2023-02-21', 11, 89.5, 1),
(108, 138, 51, '2023-02-21', 12.3, 96, 1),
(109, 139, 34, '2023-02-23', 12.3, 85.8, 1),
(110, 140, 31, '2023-02-23', 9.3, 79.5, 1),
(111, 141, 26, '2023-02-23', 10.7, 82.3, 1),
(112, 142, 24, '2023-02-23', 10.1, 78.5, 1),
(113, 143, 37, '2023-02-13', 10.5, 85.5, 1),
(114, 144, 19, '2023-02-13', 9, 74, 1),
(115, 145, 57, '2023-02-13', 12, 93, 1),
(116, 146, 45, '2023-02-13', 12.4, 93, 1),
(117, 147, 38, '2023-02-13', 12.9, 88.2, 1),
(118, 148, 26, '2023-02-13', 9.8, 81, 1),
(119, 149, 29, '2023-02-13', 10, 84.3, 1),
(120, 150, 37, '2023-02-15', 10.6, 88.5, 1),
(121, 151, 42, '2023-02-15', 12, 91.1, 1),
(122, 152, 53, '2023-02-15', 13.2, 95.9, 1),
(123, 153, 43, '2023-02-02', 11.6, 88, 1),
(124, 154, 54, '2023-02-02', 12.9, 94.5, 1),
(125, 155, 31, '2023-02-01', 10, 81.7, 1),
(126, 156, 23, '2023-02-01', 9.5, 80.6, 1),
(127, 157, 29, '2023-02-25', 11.3, 83, 1),
(128, 199, 35, '2023-02-25', 11, 86.1, 1),
(129, 200, 34, '2023-02-25', 10.7, 87.4, 1),
(130, 201, 30, '2023-02-25', 8.9, 80.5, 1),
(131, 202, 30, '2023-02-25', 9.9, 80.4, 1),
(132, 203, 34, '2023-02-18', 11.5, 85.3, 1),
(133, 204, 50, '2023-02-20', 12, 92, 1),
(134, 205, 22, '2023-02-20', 9, 79.6, 1),
(135, 206, 47, '2023-02-11', 13.9, 91.8, 1),
(136, 207, 34, '2023-02-11', 10.3, 82.8, 1),
(137, 208, 47, '2023-02-11', 11.4, 90.8, 1),
(138, 209, 22, '2023-02-11', 7.7, 73.8, 1),
(139, 210, 29, '2023-02-16', 9.9, 78.8, 1),
(140, 211, 28, '2023-02-16', 10.3, 76.9, 1),
(141, 212, 24, '2023-02-16', 10.2, 77, 1),
(142, 213, 14, '2023-02-16', 7.6, 69.6, 1),
(144, 214, 58, '2023-02-06', 13.4, 97.2, 1),
(145, 215, 48, '2023-02-06', 12.4, 91, 1),
(146, 216, 46, '2023-02-06', 11.9, 92.8, 1),
(147, 217, 45, '2023-02-06', 11.7, 92.5, 1),
(148, 218, 34, '2023-02-06', 11, 84, 1),
(149, 219, 29, '2023-02-06', 9.1, 81.5, 1),
(150, 220, 41, '2023-02-22', 9.3, 83.5, 1),
(151, 221, 20, '2023-02-22', 9.9, 78, 1),
(152, 222, 56, '2023-02-09', 13.2, 97.5, 1),
(153, 223, 43, '2023-02-09', 13.2, 92, 1),
(154, 224, 58, '2023-02-13', 14.5, 98.3, 1),
(155, 225, 58, '2023-02-03', 14.5, 99, 1),
(156, 226, 53, '2023-02-08', 14, 93, 1),
(157, 227, 33, '2023-02-08', 10.7, 85, 1),
(158, 228, 31, '2023-02-08', 9.9, 82.7, 1),
(159, 229, 20, '2023-02-08', 10.5, 76, 1),
(160, 230, 15, '2023-02-08', 7, 67, 1),
(161, 231, 15, '2023-02-08', 8.7, 74.3, 1),
(162, 232, 15, '2023-02-08', 7.4, 69, 1),
(163, 233, 55, '2023-02-04', 13.2, 95.8, 1),
(164, 234, 36, '2023-02-04', 10.7, 88, 1),
(165, 235, 37, '2023-02-14', 11.4, 84.7, 1),
(166, 236, 23, '2023-02-14', 9.3, 75.9, 1),
(167, 237, 22, '2023-02-14', 10.4, 80.2, 1),
(168, 238, 47, '2023-02-20', 12.4, 94, 1),
(169, 239, 40, '2023-02-20', 11.2, 87.5, 1),
(170, 240, 37, '2023-02-20', 11, 87.5, 1),
(171, 241, 34, '2023-02-20', 9.9, 86.3, 1),
(172, 242, 33, '2023-02-20', 11.5, 81.5, 1),
(173, 243, 24, '2023-02-20', 9.3, 80, 1),
(174, 244, 23, '2023-02-20', 9.1, 79.5, 1),
(175, 245, 40, '2023-02-06', 11.3, 91.1, 1),
(176, 246, 40, '2023-02-06', 11.9, 87, 1),
(177, 247, 34, '2023-02-06', 11.5, 80, 1),
(178, 248, 33, '2023-02-06', 9, 81, 1),
(179, 249, 49, '2023-02-11', 12.2, 93.3, 1),
(180, 250, 48, '2023-02-11', 12.8, 94, 1),
(181, 251, 28, '2023-02-11', 9.4, 81, 1),
(182, 252, 46, '2023-02-27', 11.9, 97.1, 1),
(183, 253, 23, '2023-02-27', 8.7, 81.7, 1),
(184, 254, 15, '2023-02-27', 8, 76, 1),
(185, 255, 20, '2023-02-12', 7.3, 75.7, 1),
(186, 256, 29, '2023-02-12', 9.9, 85.5, 1),
(187, 257, 41, '2023-02-12', 10.5, 87.7, 1),
(188, 258, 31, '2023-02-12', 9.5, 84.9, 1),
(189, 259, 55, '2023-02-12', 12.9, 100.1, 1),
(190, 260, 33, '2023-02-12', 9.8, 85.4, 1),
(191, 261, 45, '2023-02-20', 12.2, 98.9, 1),
(192, 262, 28, '2023-02-20', 9.7, 86, 1),
(193, 263, 56, '2023-02-20', 12.8, 101, 1),
(194, 264, 58, '2023-02-21', 12.6, 98, 1),
(195, 265, 59, '2023-02-21', 13.2, 103, 1),
(196, 266, 57, '2023-02-21', 11.6, 94.9, 1),
(197, 267, 54, '2023-02-21', 12.5, 98.7, 1),
(198, 268, 26, '2023-02-21', 9.4, 84, 1),
(199, 269, 46, '2023-02-21', 11.7, 96.9, 1),
(200, 270, 27, '2023-02-21', 10, 85.8, 1),
(201, 271, 53, '2023-02-21', 12.5, 102.3, 1),
(202, 272, 42, '2023-02-21', 11.9, 97, 1),
(203, 273, 32, '2023-02-21', 9.6, 86, 1),
(204, 274, 23, '2023-02-07', 8.2, 79.9, 1),
(205, 275, 20, '2023-02-07', 9, 81.6, 1),
(206, 276, 46, '2023-02-07', 10.4, 87.2, 1),
(207, 277, 49, '2023-02-07', 10.7, 90, 1),
(208, 278, 46, '2023-02-04', 11.4, 95.2, 1),
(209, 279, 29, '2023-02-04', 10, 86.1, 1),
(210, 280, 55, '2023-02-23', 11.9, 98.3, 1),
(211, 281, 53, '2023-02-04', 11.8, 97.7, 1),
(212, 282, 50, '2023-02-23', 11.3, 96.8, 1),
(213, 283, 47, '2023-02-23', 11.2, 92.3, 1),
(214, 284, 28, '2023-02-23', 8.6, 82.8, 1),
(215, 285, 52, '2023-02-13', 13, 99.7, 1),
(216, 286, 16, '2023-02-13', 8, 76.1, 1),
(217, 287, 30, '2023-02-13', 9.8, 85.4, 1),
(218, 288, 16, '2023-02-06', 7.2, 72.4, 1),
(219, 289, 56, '2023-02-06', 12.8, 99, 1),
(220, 290, 17, '2023-02-06', 8.2, 76.2, 1),
(221, 291, 36, '2023-02-06', 10.4, 90.1, 1),
(222, 292, 51, '2023-02-06', 11.6, 98.2, 1),
(223, 293, 43, '2023-02-22', 10.8, 91.5, 1),
(224, 294, 46, '2023-02-20', 12.2, 97, 1),
(225, 295, 55, '2023-02-07', 13.3, 102.7, 1),
(226, 296, 45, '2023-02-07', 11, 94, 1),
(227, 297, 43, '2023-02-07', 11.6, 96, 1),
(228, 298, 38, '2023-02-07', 9.3, 84.3, 1),
(229, 299, 47, '2023-02-07', 12, 95, 1),
(230, 300, 28, '2023-02-07', 9.1, 84.3, 1),
(231, 301, 47, '2023-02-15', 11.4, 96.6, 1),
(232, 302, 18, '2023-02-15', 8.1, 78, 1),
(233, 303, 49, '2023-02-15', 12.9, 101, 1),
(234, 304, 36, '2023-02-02', 10.4, 89.5, 1),
(235, 305, 31, '2023-02-01', 9.2, 85, 1),
(236, 306, 29, '2023-02-01', 9.5, 86, 1),
(237, 307, 41, '2023-02-01', 10, 89.9, 1),
(238, 308, 25, '2023-02-01', 9.2, 83, 1),
(239, 309, 35, '2023-02-01', 10.3, 88.5, 1),
(240, 310, 58, '2023-02-01', 13, 103.8, 1),
(241, 311, 45, '2023-02-01', 11.6, 94.3, 1),
(242, 312, 31, '2023-02-01', 9.7, 87.3, 1),
(243, 313, 22, '2023-02-25', 8.4, 77.7, 1),
(244, 314, 55, '2023-02-12', 12.4, 97.3, 1),
(245, 315, 37, '2023-02-12', 10.7, 90.2, 1),
(246, 316, 38, '2023-02-02', 10, 89.4, 1),
(247, 317, 41, '2023-02-03', 10.5, 90.6, 1),
(248, 318, 46, '2023-02-16', 10.5, 91.4, 1),
(249, 319, 19, '2023-02-16', 7.8, 76, 1),
(250, 320, 36, '2023-02-09', 11, 91, 1),
(251, 321, 27, '2023-02-09', 9.7, 85, 1),
(252, 322, 36, '2023-02-09', 9.5, 88.4, 1),
(253, 323, 49, '2023-02-18', 10.1, 87.8, 1),
(254, 324, 48, '2023-02-20', 12.3, 98, 1),
(255, 325, 35, '2023-02-20', 10, 90, 1),
(256, 326, 54, '2023-02-11', 12.7, 100.2, 1),
(257, 327, 46, '2023-02-28', 10.7, 91.7, 1),
(258, 328, 35, '2023-02-28', 10, 88.5, 1),
(259, 329, 28, '2023-02-28', 9.5, 85.3, 1),
(260, 330, 32, '2023-02-28', 9.9, 85.5, 1),
(261, 331, 26, '2023-02-28', 7.8, 77, 1),
(262, 332, 45, '2023-02-28', 11.2, 93.5, 1),
(263, 333, 15, '2023-02-28', 6.9, 72.3, 1),
(264, 334, 0, '2023-02-02', 11.7, 94, 1),
(265, 335, 58, '2023-02-04', 12.4, 99.6, 1);

-- --------------------------------------------------------

--
-- Table structure for table `data_orang_tua`
--

CREATE TABLE `data_orang_tua` (
  `id` int(11) NOT NULL,
  `nama` varchar(255) NOT NULL,
  `alamat` varchar(255) NOT NULL,
  `provinsi` varchar(100) NOT NULL,
  `kabupaten` varchar(100) NOT NULL,
  `kecamatan` varchar(100) NOT NULL,
  `desa` varchar(100) NOT NULL,
  `posyandu` varchar(100) NOT NULL,
  `rt` varchar(10) NOT NULL,
  `rw` varchar(10) NOT NULL
) ENGINE=InnoDB DEFAULT CHARSET=utf8mb4;

--
-- Dumping data for table `data_orang_tua`
--

INSERT INTO `data_orang_tua` (`id`, `nama`, `alamat`, `provinsi`, `kabupaten`, `kecamatan`, `desa`, `posyandu`, `rt`, `rw`) VALUES
(25, 'SRI SEKAR NOVIA', 'KARANG JANGKONG', 'NUSA TENGGARA BARAT', 'LOMBOK TENGAH', 'PRINGGARATA', 'SINTUNG', 'CINTA DAMAI', '1', '3'),
(26, 'NURUL FATIHA', 'KARANG JANGKONG', 'NUSA TENGGARA BARAT ', 'LOMBOK TENGAH ', 'PRINGGARATA ', 'SINTUNG ', 'CINTA DAMAI ', '1', '3'),
(27, 'KASIRUN ', 'TAPON BARAT ', 'NUSA TENGGARA BARAT ', 'LOMBOK TENGAH ', 'PRINGGARATA ', 'BILEBANTE ', 'BERIUK SADAR ', '1', '1'),
(28, 'IBRAHIM ', 'TAPON BARAT ', 'NUSA TENGGARA BARAT ', 'LOMBOK TENGAH ', 'PRINGGARATA ', 'BILEBANTE ', 'BERIUK SADAR ', '1', '1'),
(29, 'MUSTARA ', 'TAPON BARAT ', 'NUSA TENGGARA BARAT ', 'LOMBOK TENGAH ', 'PRINGGARATA ', 'BILEBANTE ', 'BERIUK SADAR ', '1', '1'),
(35, 'SUANDI YASIN ', 'PELABU ', 'NUSA TENGGARA BARAT ', 'LOMBOK TENGAH ', 'PRINGGARATA ', 'BILEBANTE ', 'GEBONG MENANTI ', '2', '1'),
(36, 'AHMAD ALI ', 'KARANG IDA 2 ', 'NUSA TENGGARA BARAT ', 'LOMBOK TENGAH ', 'PRINGGARATA ', 'BILEBANTE ', 'PENGIRING SARI ', '1', '1'),
(37, 'JAWARIAH ', 'PAOK ODANG ', 'NUSA TENGGARA BARAT ', 'LOMBOK TENGAH ', 'PRINGGARATA ', 'SISIK ', 'MEKAR SARI ', '1', '3'),
(38, 'MAYATUN ZAHRA ', 'LEMPENGE ', 'NUSA TENGGARA BARAT ', 'LOMBOK TENGAH ', 'PRINGGARATA ', 'SINTUNG ', 'PASIR PUTIH ', '2', '1'),
(39, 'MULIAWATI ', 'LEMPENGE ', 'NUSA TENGGARA BARAT ', 'LOMBOK TENGAH ', 'PRINGGARATA ', 'SINTUNG ', 'PASIR PUTIH ', '2', '1'),
(40, 'SUPAINI ', 'LEMPENGE ', 'NUSA TENGGARA BARAT ', 'LOMBOK TENGAH ', 'PRINGGARATA ', 'SINTUNG ', 'PASIR PUTIH ', '2', '1'),
(41, 'DEWI HIDAYANTI ', 'LEMPENGE ', 'NUSA TENGGARA BARAT ', 'LOMBOK TENGAH ', 'PRINGGARATA ', 'SINTUNG ', 'PASIR PUTIH ', '2', '1'),
(42, 'LILIK ', 'LEMPENGE ', 'NUSA TENGGARA BARAT ', 'LOMBOK TENGAH ', 'PRINGGARATA ', 'SINTUNG ', 'PASIR PUTIH ', '2', '1'),
(43, 'MIS ', 'LEMPENGE ', 'NUSA TENGGARA BARAT ', 'LOMBOK TENGAH ', 'PRINGGARATA ', 'SINTUNG ', 'PASIR PUTIH ', '2', '1'),
(44, 'M.NUR ', 'MENEMENG DESA ', 'NUSA TENGGARA BARAT ', 'LOMBOK TENGAH ', 'PRINGGARATA ', 'MENEMENG ', 'CENDANA ', '1', '2'),
(45, 'L.KADARI RAMDAN ', 'SEMPOJE ', 'NUSA TENGGARA BARAT ', 'LOMBOK TENGAH ', 'PRINGGARATA ', 'MENEMENG ', 'SEJAHTERA ', '1', '2'),
(46, 'HABIL ', 'MEDAS BARAT ', 'NUSA TENGGARA BARAT ', 'LOMBOK TENGAH ', 'PRINGGARATA ', 'BAGU ', 'KASIH BUNDA ', '1', '2'),
(47, 'HJ. SRIANOM ', 'MEDAS BARAT ', 'NUSA TENGGARA BARAT ', 'LOMBOK TENGAH ', 'PRINGGARATA ', 'BAGU ', 'KASIH BUNDA ', '1', '2'),
(48, 'AHMAD HAKIKI ', 'MEDAS BARAT ', 'NUSA TENGGARA BARAT ', 'LOMBOK TENGAH ', 'PRINGGARATA ', 'BAGU ', 'KASIH BUNDA ', '1', '2'),
(49, 'ALYA ROSIDI/PANDU ', 'BAGU TMUR 1 ', 'NUSA TENGGARA BARAT ', 'LOMBOK TENGAH ', 'PRINGGARATA ', 'BAGU ', 'LESTARI ', '1', '3'),
(50, 'NURLAELA/MUHIBIN ', 'BAGU TMUR 1 ', 'NUSA TENGGARA BARAT ', 'LOMBOK TENGAH ', 'PRINGGARATA ', 'BAGU ', 'LESTARI ', '1', '3'),
(51, 'SAPOAN ', 'BAGU TIMUR UTARA ', 'NUSA TENGGARA BARAT ', 'LOMBOK TENGAH ', 'PRINGGARATA ', 'BAGU ', 'MELATI ', '1', '3'),
(52, 'MUSLIM ', 'BAGU TIMUR UTARA ', 'NUSA TENGGARA BARAT ', 'LOMBOK TENGAH ', 'PRINGGARATA ', 'BAGU ', 'MELATI ', '1', '3'),
(53, 'PUTU MARTAM ', 'JENGGALA ', 'NUSA TENGGARA BARAT ', 'LOMBOK TENGAH ', 'PRINGGARATA ', 'BILEBANTE ', 'BARINGIN TEDUH ', '2', '1'),
(54, 'SURIANI/SAHBAN ', 'ESOT ', 'NUSA TENGGARA BARAT ', 'LOMBOK TENGAH ', 'PRINGGARATA ', 'SINTUNG ', 'MELATI ', '3', '2'),
(55, 'BQ. NURHASANAH/PARDI ', 'ESOT ', 'NUSA TENGGARA BARAT ', 'LOMBOK TENGAH ', 'PRINGGARATA ', 'SINTUNG ', 'MELATI ', '2', '2'),
(56, 'S. AISAH ', 'PIDADE ', 'NUSA TENGGARA BARAT ', 'LOMBOK TENGAH ', 'PRINGGARATA ', 'SINTUNG ', 'TERATAI PUTIH ', '1', '4'),
(57, 'EVA SURIANI ', 'KARANG JANGKONG ', 'NUSA TENGGARA BARAT ', 'LOMBOK TENGAH ', 'PRINGGARATA ', 'SINTUNG ', 'CINTA DAMAI ', '1', '3'),
(58, 'EVI RUSPIANA ', 'KARANG JANGKONG ', 'NUSA TENGGARA BARAT ', 'LOMBOK TENGAH ', 'PRINGGARATA ', 'SINTUNG ', 'CINTA DAMAI ', '1', '3'),
(59, 'PASALI ', 'TAPON BARAT ', 'NUSA TENGGARA BARAT ', 'LOMBOK TENGAH ', 'PRINGGARATA ', 'BILEBANTE ', 'BERIUK SADAR ', '1', '1'),
(60, 'YAYUK ', 'KARANG BARU ', 'NUSA TENGGARA BARAT ', 'LOMBOK TENGAH ', 'PRINGGARATA ', 'BILEBANTE ', 'KABAR INDAH ', '2', '2'),
(61, 'ZOHAERATUN ', 'TAPON TIMUR ', 'NUSA TENGGARA BARAT ', 'LOMBOK TENGAH ', 'PRINGGARATA ', 'BILEBANTE ', 'MAWAR ', '2', '1'),
(62, 'MANSUR ', 'SISIK TIMUR ', 'NUSA TENGGARA BARAT ', 'LOMBOK TENGAH ', 'PRINGGARATA ', 'SISIK ', 'HARAPAN MAKMUR ', '1', '2'),
(63, 'ZULHIJJAH ', 'KELANA ', 'NUSA TENGGARA BARAT ', 'LOMBOK TENGAH ', 'PRINGGARATA ', 'SISIK ', 'KELANA RIA ', '1', '2'),
(64, 'SITI FATIMAH ', 'KELANA ', 'NUSA TENGGARA BARAT ', 'LOMBOK TENGAH ', 'PRINGGARATA ', 'SISIK ', 'KELANA RIA ', '1', '2'),
(65, 'HARTIKA ', 'SISIK BARAT ', 'NUSA TENGGARA BARAT ', 'LOMBOK TENGAH ', 'PRINGGARATA ', 'SISIK ', 'MAWAR ', '1', '2'),
(66, 'JAWARIAH ', 'PAOK ODANG ', 'NUSA TENGGARA BARAT ', 'LOMBOK TENGAH ', 'PRINGGARATA ', 'SISIK ', 'MEKAR SARI ', '1', '3'),
(67, 'KURMAYANTI ', 'MONTONG GOAK ', 'NUSA TENGGARA BARAT ', 'LOMBOK TENGAH ', 'PRINGGARATA ', 'SISIK ', 'MELATI ', '1', '2'),
(68, 'LISA DEWI/PEBRI ', 'SINTUNG MEKAR ', 'NUSA TENGGARA BARAT ', 'LOMBOK TENGAH ', 'PRINGGARATA ', 'SINTUNG ', 'MEKAR INDAH ', '1', '2'),
(69, 'LILIK ', 'LEMPENGE ', 'NUSA TENGGARA BARAT ', 'LOMBOK TENGAH ', 'PRINGGARATA ', 'SINTUNG ', 'PASIR PUTIH ', '2', '1'),
(70, 'ZIADATUN ', 'LEMPENGE ', 'NUSA TENGGARA BARAT ', 'LOMBOK TENGAH ', 'PRINGGARATA ', 'SINTUNG ', 'PASIR PUTIH ', '1', '2'),
(71, 'PITRI ', 'LEMPENGE ', 'NUSA TENGGARA BARAT ', 'LOMBOK TENGAH ', 'PRINGGARATA ', 'SINTUNG ', 'PASIR PUTIH ', '2', '1'),
(72, 'MARIATI ', 'LEMPENGE ', 'NUSA TENGGARA BARAT ', 'LOMBOK TENGAH ', 'PRINGGARATA ', 'SINTUNG ', 'PASIR PUTIH ', '2', '1'),
(73, 'NURAINI ', 'LEMPENGE ', 'NUSA TENGGARA BARAT ', 'LOMBOK TENGAH ', 'PRINGGARATA ', 'SINTUNG ', 'PASIR PUTIH ', '1', '2'),
(74, 'JUAAINI HAMDI ', 'DASAN GUNDUL ', 'NUSA TENGGARA BARAT ', 'LOMBOK TENGAH ', 'PRINGGARATA ', 'MENEMENG ', 'MELATI ', '1', '3'),
(75, 'NURAINI ', 'DASAN GUNDUL ', 'NUSA TENGGARA BARAT ', 'LOMBOK TENGAH ', 'PRINGGARATA ', 'MENEMENG ', 'MELATI ', '1', '3'),
(76, 'HUKANTI ', 'PRESAK ', 'NUSA TENGGARA BARAT ', 'LOMBOK TENGAH ', 'PRINGGARATA ', 'MENEMENG ', 'BAROKAH ', '1', '3'),
(77, 'FEBRIAN ', 'JABON ', 'NUSA TENGGARA BARAT ', 'LOMBOK TENGAH ', 'PRINGGARATA ', 'MENEMENG ', 'PADE ANGEN ', '2', '3'),
(78, 'ARDIANSYAH ', 'JABON ', 'NUSA TENGGARA BARAT ', 'LOMBOK TENGAH ', 'PRINGGARATA ', 'MENEMENG ', 'PADE ANGEN ', '3', '2'),
(79, 'NURAINI ', 'MESALENG ', 'NUSA TENGGARA BARAT ', 'LOMBOK TENGAH ', 'PRINGGARATA ', 'BAGU ', 'BANJAR SARI ', '1', '2'),
(80, 'TAMRINI ', 'PENEGUK BARAT ', 'NUSA TENGGARA BARAT ', 'LOMBOK TENGAH ', 'PRINGGARATA ', 'BAGU ', 'DAHLIA ', '1', '3'),
(81, 'IRJAN ', 'MEDAS BARAT ', 'NUSA TENGGARA BARAT ', 'LOMBOK TENGAH ', 'PRINGGARATA ', 'BAGU ', 'KASIH BUNDA ', '1', '2'),
(82, 'SUPIAN HADI ', 'JABON TENTEN ', 'NUSA TENGGARA BARAT ', 'LOMBOK TENGAH ', 'PRINGGARATA ', 'BAGU ', 'KELUARGA SEJAHTERA ', '1', '2'),
(83, 'HERLINA ', 'DASAN MONTONG ', 'NUSA TENGGARA BARAT ', 'LOMBOK TENGAH ', 'PRINGGARATA ', 'SINTUNG ', 'MONTONG JAYA ', '1', '2'),
(84, 'SURIANI/SAHBAN ', 'ESOT ', 'NUSA TENGGARA BARAT ', 'LOMBOK TENGAH ', 'PRINGGARATA ', 'SINTUNG ', 'MELATI ', '3', '2'),
(85, 'RISKA MAULANI', 'ESOT ', 'NUSA TENGGARA BARAT ', 'LOMBOK TENGAH ', 'PRINGGARATA ', 'SINTUNG ', 'MELATI ', '2', '2'),
(86, 'NURUL FATIHA ', 'KARANG JANGKONG ', 'NUSA TENGGARA BARAT ', 'LOMBOK TENGAH ', 'PRINGGARATA ', 'SINTUNG ', 'CINTA DAMAI ', '1', '3'),
(87, 'NOVITA DIANA ', 'KARANG JANGKONG ', 'NUSA TENGGARA BARAT ', 'LOMBOK TENGAH ', 'PRINGGARATA ', 'SINTUNG ', 'CINTA DAMAI ', '1', '2'),
(88, 'NENGAH BUDIANA ', 'KARANG KUBU ', 'NUSA TENGGARA BARAT ', 'LOMBOK TENGAH ', 'PRINGGARATA ', 'BILEBANTE ', 'HUSADA SARI ', '2', '1'),
(89, 'HERLAN ', 'BILEBANTE ', 'NUSA TENGGARA BARAT ', 'LOMBOK TENGAH ', 'PRINGGARATA ', 'BILEBANTE ', 'MELATI ', '2', '2'),
(90, 'M. ABDULLAH ', 'KARANG IDA 2 ', 'NUSA TENGGARA BARAT ', 'LOMBOK TENGAH ', 'PRINGGARATA ', 'BILEBANTE ', 'PENGIRING SARI ', '1', '1'),
(91, 'HIDAYATI ', 'SISIK TIMUR ', 'NUSA TENGGARA BARAT ', 'LOMBOK TENGAH ', 'PRINGGARATA ', 'SISIK ', 'HARAPAN MAKMUR ', '1', '2'),
(92, 'MASNIWATI ', 'SISIK TIMUR ', 'NUSA TENGGARA BARAT ', 'LOMBOK TENGAH ', 'PRINGGARATA ', 'SISIK ', 'HARAPAN MAKMUR ', '1', '2'),
(93, 'NURHASANAH ', 'SISIK GOAK ', 'NUSA TENGGARA BARAT ', 'LOMBOK TENGAH ', 'PRINGGARATA ', 'SISIK ', 'IZORA SANGKIS ', '1', '3'),
(94, 'ERNA AFRIANI ', 'SISIK BARAT ', 'NUSA TENGGARA BARAT ', 'LOMBOK TENGAH ', 'PRINGGARATA ', 'SISIK ', 'MAWAR ', '1', '2'),
(95, 'NURJANNAH ', 'SISIK BARAT ', 'NUSA TENGGARA BARAT ', 'LOMBOK TENGAH ', 'PRINGGARATA ', 'SISIK ', 'MAWAR ', '1', '3'),
(96, 'SURYATUN ', 'PAOK ODANG ', 'NUSA TENGGARA BARAT ', 'LOMBOK TENGAH ', 'PRINGGARATA ', 'SISIK ', 'MEKAR SARI ', '1', '2'),
(97, 'MAYANI ', 'MONTONG GOAK ', 'NUSA TENGGARA BARAT ', 'LOMBOK TENGAH ', 'PRINGGARATA ', 'SISIK ', 'MELATI ', '1', '2'),
(98, 'ISAH ', 'MONTONG GOAK ', 'NUSA TENGGARA BARAT ', 'LOMBOK TENGAH ', 'PRINGGARATA ', 'SISIK ', 'MELATI ', '1', '2'),
(99, 'MULIATI ', 'KARANG KEBON ', 'NUSA TENGGARA BARAT ', 'LOMBOK TENGAH ', 'PRINGGARATA ', 'SISIK ', 'TERATAI PUTIH ', '1', '2'),
(100, 'NANI SUSILAWATI/SURADI ', 'KEBON NYIUR ', 'NUSA TENGGARA BARAT ', 'LOMBOK TENGAH ', 'PRINGGARATA ', 'SINTUNG ', 'NYIUR MELAMBAI ', '2', '3'),
(101, 'LINDA SOPIA ', 'SINTUNG MEKAR ', 'NUSA TENGGARA BARAT ', 'LOMBOK TENGAH ', 'PRINGGARATA ', 'SINTUNG ', 'MEKAR INDAH ', '1', '2'),
(102, 'H.RUSDAN ', 'DASAN GUNDUL ', 'NUSA TENGGARA BARAT ', 'LOMBOK TENGAH ', 'PRINGGARATA ', 'MENEMENG ', 'MELATI ', '1', '3'),
(103, 'HIPMAN PUAIDI ', 'DASAN GUNDUL ', 'NUSA TENGGARA BARAT ', 'LOMBOK TENGAH ', 'PRINGGARATA ', 'MENEMENG ', 'MELATI ', '1', '3'),
(104, 'SARTINI ', 'DASAN GUNDUL ', 'NUSA TENGGARA BARAT ', 'LOMBOK TENGAH ', 'PRINGGARATA ', 'MENEMENG ', 'MELATI ', '0', '0'),
(105, 'NURLAN ', 'REPOQ MEDAS ', 'NUSA TENGGARA BARAT ', 'LOMBOK TENGAH ', 'PRINGGARATA ', 'BAGU ', 'MUTIARA HATI ', '0', '0'),
(106, 'M.JUHADIN ', 'PRESAK ', 'NUSA TENGGARA BARAT ', 'LOMBOK TENGAH ', 'PRINGGARATA ', 'MENEMENG ', 'BAROKAH ', '1', '3'),
(107, 'MUSTAKIM ', 'PRESAK ', 'NUSA TENGGARA BARAT ', 'LOMBOK TENGAH ', 'PRINGGARATA ', 'MENEMENG ', 'BAROKAH ', '1', '3'),
(108, 'SAMSIAR ', 'PRESAK BARU ', 'NUSA TENGGARA BARAT ', 'LOMBOK TENGAH ', 'PRINGGARATA ', 'MENEMENG ', 'BAROKAH ', '1', '2'),
(109, 'NURAINI ', 'PRESAK ', 'NUSA TENGGARA BARAT ', 'LOMBOK TENGAH ', 'PRINGGARATA ', 'MENEMENG ', 'BAROKAH ', '1', '1'),
(110, 'SUWARNI ', 'MENEMENG DESA ', 'NUSA TENGGARA BARAT ', 'LOMBOK TENGAH ', 'PRINGGARATA ', 'MENEMENG ', 'CENDANA ', '1', '2'),
(111, 'FITRIAH ', 'MENEMENG DESA ', 'NUSA TENGGARA BARAT ', 'LOMBOK TENGAH ', 'PRINGGARATA ', 'MENEMENG ', 'CENDANA ', '1', '2'),
(112, 'M.ARPAN ', 'MENEMENG DESA ', 'NUSA TENGGARA BARAT ', 'LOMBOK TENGAH ', 'PRINGGARATA ', 'MENEMENG ', 'CENDANA ', '1', '2'),
(113, 'HAERUL ANAM ', 'MENEMENG DESA ', 'NUSA TENGGARA BARAT ', 'LOMBOK TENGAH ', 'PRINGGARATA ', 'MENEMENG ', 'CENDANA ', '1', '2'),
(114, 'AHMAD RAMLI ', 'MENEMENG DESA ', 'NUSA TENGGARA BARAT ', 'LOMBOK TENGAH ', 'PRINGGARATA ', 'MENEMENG ', 'CENDANA ', '1', '2'),
(115, 'ENDANG.H ', 'MENEMENG DESA ', 'NUSA TENGGARA BARAT ', 'LOMBOK TENGAH ', 'PRINGGARATA ', 'MENEMENG ', 'CENDANA ', '1', '2'),
(116, 'SITI ROHMI HADIANI ', 'MENEMENG DESA ', 'NUSA TENGGARA BARAT ', 'LOMBOK TENGAH ', 'PRINGGARATA ', 'MENEMENG ', 'CENDANA ', '1', '2'),
(117, 'FATHUL AZIZ ', 'MENEMENG DESA ', 'NUSA TENGGARA BARAT ', 'LOMBOK TENGAH ', 'PRINGGARATA ', 'MENEMENG ', 'CENDANA ', '1', '2'),
(118, 'HASAN BASRI ', 'MENEMENG DESA ', 'NUSA TENGGARA BARAT ', 'LOMBOK TENGAH ', 'PRINGGARATA ', 'MENEMENG ', 'CENDANA ', '1', '2'),
(119, 'MISNAH ', 'MENEMENG DESA ', 'NUSA TENGGARA BARAT ', 'LOMBOK TENGAH ', 'PRINGGARATA ', 'MENEMENG ', 'CENDANA ', '1', '2'),
(120, 'SAHDI ', 'SEMPOJE ', 'NUSA TENGGARA BARAT ', 'LOMBOK TENGAH ', 'PRINGGARATA ', 'MENEMENG ', 'SEJAHTERA ', '1', '2'),
(121, 'BADRUN ', 'SEMPOJE ', 'NUSA TENGGARA BARAT ', 'LOMBOK TENGAH ', 'PRINGGARATA ', 'MENEMENG ', 'SEJAHTERA ', '1', '2'),
(122, 'SAKIAH ', 'SEMPOJA ', 'NUSA TENGGARA BARAT ', 'LOMBOK TENGAH ', 'PRINGGARATA ', 'MENEMENG ', 'SEJAHTERA ', '1', '2'),
(123, 'MARJAN ', 'SEMPOJE ', 'NUSA TENGGARA BARAT ', 'LOMBOK TENGAH ', 'PRINGGARATA ', 'MENEMENG ', 'SEJAHTERA ', '0', '0'),
(124, 'SISKA ', 'MESALENG ', 'NUSA TENGGARA BARAT ', 'LOMBOK TENGAH ', 'PRINGGARATA ', 'BAGU ', 'BANJAR SARI ', '1', '2'),
(125, 'RENI ', 'MESALENG ', 'NUSA TENGGARA BARAT ', 'LOMBOK TENGAH ', 'PRINGGARATA ', 'BAGU ', 'BANJAR SARI ', '0', '0'),
(126, 'SURIATI ', 'MESALENG ', 'NUSA TENGGARA BARAT ', 'LOMBOK TENGAH ', 'PRINGGARATA ', 'BAGU ', 'BANJAR SARI ', '1', '2'),
(127, 'HERANA ', 'MESALENG ', 'NUSA TENGGARA BARAT ', 'LOMBOK TENGAH ', 'PRINGGARATA ', 'BAGU ', 'BANJAR SARI ', '1', '2'),
(128, 'MAHNIM ', 'MESALENG ', 'NUSA TENGGARA BARAT ', 'LOMBOK TENGAH ', 'PRINGGARATA ', 'BAGU ', 'BANJAR SARI ', '1', '2'),
(129, 'HARTAWAN ', 'MESALENG ', 'NUSA TENGGARA BARAT ', 'LOMBOK TENGAH ', 'PRINGGARATA ', 'BAGU ', 'BANJAR SARI ', '1', '3'),
(130, 'HENDRIYADI ', 'MESALENG ', 'NUSA TENGGARA BARAT ', 'LOMBOK TENGAH ', 'PRINGGARATA ', 'BAGU ', 'BANJAR SARI ', '1', '3'),
(131, 'SAENAH ', 'MEDAS BARAT ', 'NUSA TENGGARA BARAT ', 'LOMBOK TENGAH ', 'PRINGGARATA ', 'BAGU ', 'KASIH BUNDA ', '1', '2'),
(132, 'ISMA ', 'MEDAS BARAT ', 'NUSA TENGGARA BARAT ', 'LOMBOK TENGAH ', 'PRINGGARATA ', 'BAGU ', 'KASIH BUNDA ', '1', '2'),
(133, 'HAERUL UMAM ', 'MEDAS BARAT ', 'NUSA TENGGARA BARAT ', 'LOMBOK TENGAH ', 'PRINGGARATA ', 'BAGU ', 'KASIH BUNDA ', '1', '2'),
(134, 'RUNI ', 'PENEGUK TIMUR ', 'NUSA TENGGARA BARAT ', 'LOMBOK TENGAH ', 'PRINGGARATA ', 'BAGU ', 'KELUARGA SEHAT ', '1', '3'),
(135, 'RINA ', 'PENEGUK TIMUR ', 'NUSA TENGGARA BARAT ', 'LOMBOK TENGAH ', 'PRINGGARATA ', 'BAGU ', 'KELUARGA SEHAT ', '1', '3'),
(136, 'HERWAN ', 'JABON TENTEN ', 'NUSA TENGGARA BARAT ', 'LOMBOK TENGAH ', 'PRINGGARATA ', 'BAGU ', 'KELUARGA SEJAHTERA ', '1', '2'),
(137, 'M. MUJIBURRAHMAN ', 'JABON TENTEN ', 'NUSA TENGGARA BARAT ', 'LOMBOK TENGAH ', 'PRINGGARATA ', 'BAGU ', 'KELUARGA SEJAHTERA ', '0', '0'),
(138, 'MUSLIMIN ', 'BAGU TIMUR SELATAN ', 'NUSA TENGGARA BARAT ', 'LOMBOK TENGAH ', 'PRINGGARATA ', 'BAGU ', 'LESTARI ', '1', '3'),
(139, 'ALYA ROSIDI/PANDU ', 'BAGU TMUR 1 ', 'NUSA TENGGARA BARAT ', 'LOMBOK TENGAH ', 'PRINGGARATA ', 'BAGU ', 'LESTARI ', '1', '3'),
(140, 'NURLAELA/MUHIBIN ', 'BAGU TMUR 1 ', 'NUSA TENGGARA BARAT ', 'LOMBOK TENGAH ', 'PRINGGARATA ', 'BAGU ', 'LESTARI ', '1', '3'),
(141, 'ENDANG S/HUSMAYADI ', 'BAGU TMUR 1 ', 'NUSA TENGGARA BARAT ', 'LOMBOK TENGAH ', 'PRINGGARATA ', 'BAGU ', 'LESTARI ', '1', '3'),
(142, 'SURYANI/ALWI ', 'BAGU TMUR 1 ', 'NUSA TENGGARA BARAT ', 'LOMBOK TENGAH ', 'PRINGGARATA ', 'BAGU ', 'LESTARI ', '1', '3'),
(143, 'BUDI HARTINI ', 'REPOQ MEDAS ', 'NUSA TENGGARA BARAT ', 'LOMBOK TENGAH ', 'PRINGGARATA ', 'BAGU ', 'MUTIARA HATI ', '1', '2'),
(144, 'MADE SUMANTRA ', 'JENGGALA ', 'NUSA TENGGARA BARAT ', 'LOMBOK TENGAH ', 'PRINGGARATA ', 'BILEBANTE ', 'BARINGIN TEDUH ', '2', '1'),
(145, 'MADE INTAN ', 'JENGGALA ', 'NUSA TENGGARA BARAT ', 'LOMBOK TENGAH ', 'PRINGGARATA ', 'BILEBANTE ', 'BARINGIN TEDUH ', '2', '1'),
(146, 'KAMALUDIN ', 'MENEMENG KEBON ', 'NUSA TENGGARA BARAT ', 'LOMBOK TENGAH ', 'PRINGGARATA ', 'MENEMENG ', 'MEKAR SARI ', '2', '2'),
(147, 'TAHRI ', 'MENEMENG KEBON ', 'NUSA TENGGARA BARAT ', 'LOMBOK TENGAH ', 'PRINGGARATA ', 'MENEMENG ', 'MEKAR SARI ', '1', '3'),
(148, 'ISLAHUDIN ', 'MENEMENG KEBON ', 'NUSA TENGGARA BARAT ', 'LOMBOK TENGAH ', 'PRINGGARATA ', 'MENEMENG ', 'MEKAR SARI ', '1', '3'),
(149, 'IRHAM JUAINI ', 'MENEMENG KEBON ', 'NUSA TENGGARA BARAT ', 'LOMBOK TENGAH ', 'PRINGGARATA ', 'MENEMENG ', 'MEKAR SARI ', '0', '0'),
(150, 'BAHRIM/HAERIAH ', 'ESOT ', 'NUSA TENGGARA BARAT ', 'LOMBOK TENGAH ', 'PRINGGARATA ', 'SINTUNG ', 'MELATI ', '2', '2'),
(151, 'MISLAINI/MUKTAR ', 'ESOT ', 'NUSA TENGGARA BARAT ', 'LOMBOK TENGAH ', 'PRINGGARATA ', 'SINTUNG ', 'MELATI ', '3', '2'),
(152, 'ARINAH/M. RAFAUL ', 'ESOT ', 'NUSA TENGGARA BARAT ', 'LOMBOK TENGAH ', 'PRINGGARATA ', 'SINTUNG ', 'MELATI ', '1', '2'),
(153, 'NURSAHIDUN ', 'ESOT ', 'NUSA TENGGARA BARAT ', 'LOMBOK TENGAH ', 'PRINGGARATA ', 'SINTUNG ', 'MELATI ', '2', '2'),
(154, 'EMIATI/RENAH ', 'PIDADE ', 'NUSA TENGGARA BARAT ', 'LOMBOK TENGAH ', 'PRINGGARATA ', 'SINTUNG ', 'TERATAI PUTIH ', '1', '4'),
(155, 'FATMAWATI /JUPRI ', 'PIDADE ', 'NUSA TENGGARA BARAT ', 'LOMBOK TENGAH ', 'PRINGGARATA ', 'SINTUNG ', 'TERATAI PUTIH ', '1', '4'),
(156, 'BAIQ ISWATUN/EDI FAOZI ', 'PIDADE ', 'NUSA TENGGARA BARAT ', 'LOMBOK TENGAH ', 'PRINGGARATA ', 'SINTUNG ', 'TERATAI PUTIH ', '1', '4'),
(157, 'BIDAKYAH ', 'PIDADE ', 'NUSA TENGGARA BARAT ', 'LOMBOK TENGAH ', 'PRINGGARATA ', 'SINTUNG ', 'TERATAI PUTIH ', '0', '0'),
(158, 'NUR AFRIANA ', 'PIDADE ', 'NUSA TENGGARA BARAT ', 'LOMBOK TENGAH ', 'PRINGGARATA ', 'SINTUNG ', 'TERATAI PUTIH ', '1', '4'),
(159, 'SAMIDAH ', 'PIDADE ', 'NUSA TENGGARA BARAT ', 'LOMBOK TENGAH ', 'PRINGGARATA ', 'SINTUNG ', 'TERATAI PUTIH ', '1', '2'),
(160, 'HAKAMAH ', 'KARANG JANGKONG ', 'NUSA TENGGARA BARAT ', 'LOMBOK TENGAH ', 'PRINGGARATA ', 'SINTUNG ', 'CINTA DAMAI ', '1', '3'),
(161, 'SURIATUN ', 'KARANG JANGKONG ', 'NUSA TENGGARA BARAT ', 'LOMBOK TENGAH ', 'PRINGGARATA ', 'SINTUNG ', 'CINTA DAMAI ', '0', '0'),
(162, 'MASRUDI ', 'SINTUNG BARAT ', 'NUSA TENGGARA BARAT ', 'LOMBOK TENGAH ', 'PRINGGARATA ', 'SINTUNG ', 'ANGGREK ', '1', '3'),
(163, 'RAHMAWATI ', 'SINTUNG BARAT ', 'NUSA TENGGARA BARAT ', 'LOMBOK TENGAH ', 'PRINGGARATA ', 'SINTUNG ', 'ANGGREK ', '1', '3'),
(164, 'HURIAH ', 'TAPON TIMUR ', 'NUSA TENGGARA BARAT ', 'LOMBOK TENGAH ', 'PRINGGARATA ', 'BILEBANTE ', 'MAWAR ', '2', '1'),
(165, 'OPIK ', 'TAPON TIMUR ', 'NUSA TENGGARA BARAT ', 'LOMBOK TENGAH ', 'PRINGGARATA ', 'BILEBANTE ', 'MAWAR ', '2', '1'),
(166, 'PAUZUL ', 'TAPON TIMUR ', 'NUSA TENGGARA BARAT ', 'LOMBOK TENGAH ', 'PRINGGARATA ', 'BILEBANTE ', 'MAWAR ', '2', '1'),
(167, 'MIA ', 'TAPON TIMUR ', 'NUSA TENGGARA BARAT ', 'LOMBOK TENGAH ', 'PRINGGARATA ', 'BILEBANTE ', 'MAWAR ', '2', '1'),
(168, 'INDAH ', 'TAPON TIMUR ', 'NUSA TENGGARA BARAT ', 'LOMBOK TENGAH ', 'PRINGGARATA ', 'BILEBANTE ', 'MAWAR ', '2', '1'),
(169, 'H. RIDWAN ', 'TAPON TIMUR ', 'NUSA TENGGARA BARAT ', 'LOMBOK TENGAH ', 'PRINGGARATA ', 'BILEBANTE ', 'MAWAR ', '2', '1'),
(170, 'LISA ', 'TAPON TIMUR ', 'NUSA TENGGARA BARAT ', 'LOMBOK TENGAH ', 'PRINGGARATA ', 'BILEBANTE ', 'MAWAR ', '0', '0'),
(171, 'DEWI ', 'TAPON TIMUR ', 'NUSA TENGGARA BARAT ', 'LOMBOK TENGAH ', 'PRINGGARATA ', 'BILEBANTE ', 'MAWAR ', '1', '1'),
(172, 'BADRIAH ', 'TAPON BARAT ', 'NUSA TENGGARA BARAT ', 'LOMBOK TENGAH ', 'PRINGGARATA ', 'BILEBANTE ', 'MAWAR ', '1', '1'),
(173, 'IRFAN ', 'BILEBANTE ', 'NUSA TENGGARA BARAT ', 'LOMBOK TENGAH ', 'PRINGGARATA ', 'BILEBANTE ', 'MELATI ', '2', '2'),
(174, 'HERLAN ', 'BILEBANTE ', 'NUSA TENGGARA BARAT ', 'LOMBOK TENGAH ', 'PRINGGARATA ', 'BILEBANTE ', 'MELATI ', '2', '2'),
(175, 'NASARI ', 'KELANA ', 'NUSA TENGGARA BARAT ', 'LOMBOK TENGAH ', 'PRINGGARATA ', 'SISIK ', 'KELANA RIA ', '1', '2'),
(176, 'HERLINA ', 'KELANA ', 'NUSA TENGGARA BARAT ', 'LOMBOK TENGAH ', 'PRINGGARATA ', 'SISIK ', 'KELANA RIA ', '1', '2'),
(177, 'FITRIYANI ', 'KELANA ', 'NUSA TENGGARA BARAT ', 'LOMBOK TENGAH ', 'PRINGGARATA ', 'SISIK ', 'KELANA RIA ', '1', '1'),
(178, 'ROHANI ', 'PAOK ODANG ', 'NUSA TENGGARA BARAT ', 'LOMBOK TENGAH ', 'PRINGGARATA ', 'SISIK ', 'MEKAR SARI ', '1', '2'),
(179, 'RUSIDAH ', 'PAOK ODANG ', 'NUSA TENGGARA BARAT ', 'LOMBOK TENGAH ', 'PRINGGARATA ', 'SISIK ', 'MEKAR SARI ', '1', '2'),
(180, 'MARTINI ', 'PAOK ODANG ', 'NUSA TENGGARA BARAT ', 'LOMBOK TENGAH ', 'PRINGGARATA ', 'SISIK ', 'MEKAR SARI ', '1', '2'),
(181, 'FAIZAH ', 'PAOK ODANG ', 'NUSA TENGGARA BARAT ', 'LOMBOK TENGAH ', 'PRINGGARATA ', 'SISIK ', 'MEKAR SARI ', '1', '2'),
(182, 'ISMAYANI ', 'PAOK ODANG ', 'NUSA TENGGARA BARAT ', 'LOMBOK TENGAH ', 'PRINGGARATA ', 'SISIK ', 'MEKAR SARI ', '1', '2'),
(183, 'SUHASNI ', 'PAOK ODANG ', 'NUSA TENGGARA BARAT ', 'LOMBOK TENGAH ', 'PRINGGARATA ', 'SISIK ', 'MEKAR SARI ', '0', '0'),
(184, 'SUCI MURNI ', 'PAOK ODANG ', 'NUSA TENGGARA BARAT ', 'LOMBOK TENGAH ', 'PRINGGARATA ', 'SISIK ', 'MEKAR SARI ', '1', '1'),
(185, 'HIKMAH ', 'MONTONG GOAK ', 'NUSA TENGGARA BARAT ', 'LOMBOK TENGAH ', 'PRINGGARATA ', 'SISIK ', 'MELATI ', '1', '2'),
(186, 'SUSI SARA ', 'MONTONG GOAK ', 'NUSA TENGGARA BARAT ', 'LOMBOK TENGAH ', 'PRINGGARATA ', 'SISIK ', 'MELATI ', '1', '2'),
(187, 'SRI ', 'MONTONG GOAK ', 'NUSA TENGGARA BARAT ', 'LOMBOK TENGAH ', 'PRINGGARATA ', 'SISIK ', 'MELATI ', '1', '2'),
(188, 'SALIKIN ', 'MONTONG GOAK ', 'NUSA TENGGARA BARAT ', 'LOMBOK TENGAH ', 'PRINGGARATA ', 'SISIK ', 'MELATI ', '1', '2'),
(189, 'YULHANA ', 'KARANG KEBON ', 'NUSA TENGGARA BARAT ', 'LOMBOK TENGAH ', 'PRINGGARATA ', 'SISIK ', 'TERATAI PUTIH ', '1', '2'),
(190, 'SITI HAJAR ', 'KARANG KEBON ', 'NUSA TENGGARA BARAT ', 'LOMBOK TENGAH ', 'PRINGGARATA ', 'SISIK ', 'TERATAI PUTIH ', '1', '2'),
(191, 'SULASTRIANI ', 'KARANG KEBON ', 'NUSA TENGGARA BARAT ', 'LOMBOK TENGAH ', 'PRINGGARATA ', 'SISIK ', 'TERATAI PUTIH ', '1', '1'),
(192, 'RIZAL FIKRI ', 'DASAN GUNDUL ', 'NUSA TENGGARA BARAT ', 'LOMBOK TENGAH ', 'PRINGGARATA ', 'MENEMENG ', 'MELATI ', '3', '2'),
(193, 'JAMUDIN ', 'DASAN GUNDUL ', 'NUSA TENGGARA BARAT ', 'LOMBOK TENGAH ', 'PRINGGARATA ', 'MENEMENG ', 'MELATI ', '0', '0'),
(194, 'ZULAPRIADI ', 'DASAN GUNDUL ', 'NUSA TENGGARA BARAT ', 'LOMBOK TENGAH ', 'PRINGGARATA ', 'MENEMENG ', 'MELATI ', '0', '0'),
(195, 'ERNAWATI ', 'GUNDUL MENEMENG ', 'NUSA TENGGARA BARAT ', 'LOMBOK TENGAH ', 'PRINGGARATA ', 'MENEMENG ', 'ANGGREK ', '0', '0'),
(196, 'ABDUL RAHMAN ', 'GUNDUL ', 'NUSA TENGGARA BARAT ', 'LOMBOK TENGAH ', 'PRINGGARATA ', 'MENEMENG ', 'ANGGREK ', '0', '0'),
(197, 'SAHDAN ', 'GUNDUL ', 'NUSA TENGGARA BARAT ', 'LOMBOK TENGAH ', 'PRINGGARATA ', 'MENEMENG ', 'ANGGREK ', '2', '1'),
(198, 'SUPIANDI ', 'GUNDUL ', 'NUSA TENGGARA BARAT ', 'LOMBOK TENGAH ', 'PRINGGARATA ', 'MENEMENG ', 'ANGGREK ', '3', '2'),
(199, 'SENUN ', 'GUNDUL ', 'NUSA TENGGARA BARAT ', 'LOMBOK TENGAH ', 'PRINGGARATA ', 'MENEMENG ', 'ANGGREK ', '1', '2'),
(200, 'SYAHRANI ', 'GUNDUL ', 'NUSA TENGGARA BARAT ', 'LOMBOK TENGAH ', 'PRINGGARATA ', 'MENEMENG ', 'ANGGREK ', '3', '2'),
(201, 'MUHARAL ', 'PRESAK ', 'NUSA TENGGARA BARAT ', 'LOMBOK TENGAH ', 'PRINGGARATA ', 'MENEMENG ', 'BAROKAH ', '1', '3'),
(202, 'SITI HIJIR ', 'PRESAK ', 'NUSA TENGGARA BARAT ', 'LOMBOK TENGAH ', 'PRINGGARATA ', 'MENEMENG ', 'BAROKAH ', '1', '1'),
(203, 'WIDIYA ', 'PRESAK ', 'NUSA TENGGARA BARAT ', 'LOMBOK TENGAH ', 'PRINGGARATA ', 'MENEMENG ', 'BAROKAH ', '1', '1'),
(204, 'M. RIFAI ', 'MENEMENG DESA ', 'NUSA TENGGARA BARAT ', 'LOMBOK TENGAH ', 'PRINGGARATA ', 'MENEMENG ', 'CENDANA ', '1', '2'),
(205, 'ZAENAL ABIDIN ', 'MENEMENG DESA ', 'NUSA TENGGARA BARAT ', 'LOMBOK TENGAH ', 'PRINGGARATA ', 'MENEMENG ', 'CENDANA ', '1', '2'),
(206, 'SAHRUR ROZI ', 'MENEMENG DESA ', 'NUSA TENGGARA BARAT ', 'LOMBOK TENGAH ', 'PRINGGARATA ', 'MENEMENG ', 'CENDANA ', '1', '2'),
(207, 'ADNAN ', 'MENEMENG DESA ', 'NUSA TENGGARA BARAT ', 'LOMBOK TENGAH ', 'PRINGGARATA ', 'MENEMENG ', 'CENDANA ', '1', '2'),
(208, 'SOLAWATI NUR JANNAH ', 'MENEMENG DESA ', 'NUSA TENGGARA BARAT ', 'LOMBOK TENGAH ', 'PRINGGARATA ', 'MENEMENG ', 'CENDANA ', '1', '2'),
(209, 'SURYA DARMA ', 'MENEMENG DESA ', 'NUSA TENGGARA BARAT ', 'LOMBOK TENGAH ', 'PRINGGARATA ', 'MENEMENG ', 'CENDANA ', '1', '2'),
(210, 'WAHYUNI ', 'MENEMENG DESA ', 'NUSA TENGGARA BARAT ', 'LOMBOK TENGAH ', 'PRINGGARATA ', 'MENEMENG ', 'CENDANA ', '1', '2'),
(211, 'PURI ', 'MENEMENG DESA ', 'NUSA TENGGARA BARAT ', 'LOMBOK TENGAH ', 'PRINGGARATA ', 'MENEMENG ', 'CENDANA ', '1', '2'),
(212, 'SAFII ', 'MENEMENG DESA ', 'NUSA TENGGARA BARAT ', 'LOMBOK TENGAH ', 'PRINGGARATA ', 'MENEMENG ', 'CENDANA ', '1', '2'),
(213, 'AYU TETIWARNI ', 'MENEMENG DESA ', 'NUSA TENGGARA BARAT ', 'LOMBOK TENGAH ', 'PRINGGARATA ', 'MENEMENG ', 'CENDANA ', '1', '2'),
(214, 'SUPRIANTO ', 'JABON ', 'NUSA TENGGARA BARAT ', 'LOMBOK TENGAH ', 'PRINGGARATA ', 'MENEMENG ', 'PADE ANGEN ', '0', '0'),
(215, 'SUDIRMAN ', 'JABON ', 'NUSA TENGGARA BARAT ', 'LOMBOK TENGAH ', 'PRINGGARATA ', 'MENEMENG ', 'PADE ANGEN ', '0', '0'),
(216, 'AWAN ', 'JABON ', 'NUSA TENGGARA BARAT ', 'LOMBOK TENGAH ', 'PRINGGARATA ', 'MENEMENG ', 'PADE ANGEN ', '1', '2'),
(217, 'RAMDAN ', 'JABON ', 'NUSA TENGGARA BARAT ', 'LOMBOK TENGAH ', 'PRINGGARATA ', 'MENEMENG ', 'PADE ANGEN ', '1', '2'),
(218, 'SALMI ', 'DAREK ', 'NUSA TENGGARA BARAT ', 'LOMBOK TENGAH ', 'PRINGGARATA ', 'MENEMENG ', 'PATUH ANGEN ', '1', '2'),
(219, 'AYUNI ', 'DAREK ', 'NUSA TENGGARA BARAT ', 'LOMBOK TENGAH ', 'PRINGGARATA ', 'MENEMENG ', 'PATUH ANGEN ', '1', '2'),
(220, 'ILHAMUDIN ', 'SEMPOJE ', 'NUSA TENGGARA BARAT ', 'LOMBOK TENGAH ', 'PRINGGARATA ', 'MENEMENG ', 'SEJAHTERA ', '1', '2'),
(221, 'SAPARUDIN ', 'DAREK ', 'NUSA TENGGARA BARAT ', 'LOMBOK TENGAH ', 'PRINGGARATA ', 'MENEMENG ', 'PATUH ANGEN ', '1', '2'),
(222, 'HAMDI ', 'SEMPOJE ', 'NUSA TENGGARA BARAT ', 'LOMBOK TENGAH ', 'PRINGGARATA ', 'MENEMENG ', 'SEJAHTERA ', '1', '2'),
(223, 'RAHMATULLOH ', 'SEMPOJE ', 'NUSA TENGGARA BARAT ', 'LOMBOK TENGAH ', 'PRINGGARATA ', 'MENEMENG ', 'SEJAHTERA ', '2', '3'),
(224, 'SUHADAN ', 'SEMPOJA ', 'NUSA TENGGARA BARAT ', 'LOMBOK TENGAH ', 'PRINGGARATA ', 'MENEMENG ', 'SEJAHTERA ', '1', '2'),
(225, 'NURJANAH ', 'MESALENG ', 'NUSA TENGGARA BARAT ', 'LOMBOK TENGAH ', 'PRINGGARATA ', 'BAGU ', 'BANJAR SARI ', '1', '2'),
(226, 'HJ. JUSIATI ', 'MESALENG ', 'NUSA TENGGARA BARAT ', 'LOMBOK TENGAH ', 'PRINGGARATA ', 'BAGU ', 'BANJAR SARI ', '0', '0'),
(227, 'NAJAMUDIN ', 'MESALENG ', 'NUSA TENGGARA BARAT ', 'LOMBOK TENGAH ', 'PRINGGARATA ', 'BAGU ', 'BANJAR SARI ', '0', '0'),
(228, 'PANJI H ', 'GUBUG BARU ', 'NUSA TENGGARA BARAT ', 'LOMBOK TENGAH ', 'PRINGGARATA ', 'BAGU ', 'DAHLIA ', '0', '0'),
(229, 'M. RIFAI ', 'PENEGUK BARAT ', 'NUSA TENGGARA BARAT ', 'LOMBOK TENGAH ', 'PRINGGARATA ', 'BAGU ', 'DAHLIA ', '1', '3'),
(230, 'SUNANDAR ', 'GUBUK BARU ', 'NUSA TENGGARA BARAT ', 'LOMBOK TENGAH ', 'PRINGGARATA ', 'BAGU ', 'DAHLIA ', '0', '0'),
(231, 'HUSNUL WATONI ', 'GUBUK BARU ', 'NUSA TENGGARA BARAT ', 'LOMBOK TENGAH ', 'PRINGGARATA ', 'BAGU ', 'DAHLIA ', '0', '0'),
(232, 'YULIANA S. ', 'PENEGUK BARAT ', 'NUSA TENGGARA BARAT ', 'LOMBOK TENGAH ', 'PRINGGARATA ', 'BAGU ', 'DAHLIA ', '1', '3'),
(233, 'HAFIZ ZIKRI ', 'MEDAS TIMUR ', 'NUSA TENGGARA BARAT ', 'LOMBOK TENGAH ', 'PRINGGARATA ', 'BAGU ', 'HARAPAN BUNDA ', '1', '2'),
(234, 'ISHAK ', 'MEDAS TIMUR ', 'NUSA TENGGARA BARAT ', 'LOMBOK TENGAH ', 'PRINGGARATA ', 'BAGU ', 'HARAPAN BUNDA ', '1', '2'),
(235, 'MUHARIM ', 'BAGU BARAT ', 'NUSA TENGGARA BARAT ', 'LOMBOK TENGAH ', 'PRINGGARATA ', 'BAGU ', 'HARAPAN SEJAHTERA ', '1', '2'),
(236, 'H. L. TAMIM ALI A. ', 'BAGU BARAT ', 'NUSA TENGGARA BARAT ', 'LOMBOK TENGAH ', 'PRINGGARATA ', 'BAGU ', 'HARAPAN SEJAHTERA ', '1', '2'),
(237, 'L. PUTAHIM ', 'BAGU BARAT ', 'NUSA TENGGARA BARAT ', 'LOMBOK TENGAH ', 'PRINGGARATA ', 'BAGU ', 'HARAPAN SEJAHTERA ', '1', '2'),
(238, 'M. FADLAN ', 'BAGU BARAT ', 'NUSA TENGGARA BARAT ', 'LOMBOK TENGAH ', 'PRINGGARATA ', 'BAGU ', 'HARAPAN SEJAHTERA ', '1', '2'),
(239, 'L.SUKRAN ', 'BAGU BARAT ', 'NUSA TENGGARA BARAT ', 'LOMBOK TENGAH ', 'PRINGGARATA ', 'BAGU ', 'HARAPAN SEJAHTERA ', '0', '0'),
(240, 'NURUL MUTTAQIM ', 'BAGU BARAT ', 'NUSA TENGGARA BARAT ', 'LOMBOK TENGAH ', 'PRINGGARATA ', 'BAGU ', 'HARAPAN SEJAHTERA ', '1', '3'),
(241, 'MAKNAH ', 'MEDAS BARAT ', 'NUSA TENGGARA BARAT ', 'LOMBOK TENGAH ', 'PRINGGARATA ', 'BAGU ', 'KASIH BUNDA ', '1', '2'),
(242, 'NIKMATUL HASANAH ', 'MEDAS BARAT ', 'NUSA TENGGARA BARAT ', 'LOMBOK TENGAH ', 'PRINGGARATA ', 'BAGU ', 'KASIH BUNDA ', '1', '2'),
(243, 'EKA ROSMALINA ', 'MEDAS BARAT ', 'NUSA TENGGARA BARAT ', 'LOMBOK TENGAH ', 'PRINGGARATA ', 'BAGU ', 'KASIH BUNDA ', '1', '2'),
(244, 'TINI ', 'PENEGUK TIMUR ', 'NUSA TENGGARA BARAT ', 'LOMBOK TENGAH ', 'PRINGGARATA ', 'BAGU ', 'KELUARGA SEHAT ', '1', '3'),
(245, 'BANUN ', 'JABON TENTEN ', 'NUSA TENGGARA BARAT ', 'LOMBOK TENGAH ', 'PRINGGARATA ', 'BAGU ', 'KELUARGA SEJAHTERA ', '1', '2'),
(246, 'MARJAN ', 'JABON TENTEN ', 'NUSA TENGGARA BARAT ', 'LOMBOK TENGAH ', 'PRINGGARATA ', 'BAGU ', 'KELUARGA SEJAHTERA ', '1', '3'),
(247, 'NUHU ', 'JEBON TENTEN ', 'NUSA TENGGARA BARAT ', 'LOMBOK TENGAH ', 'PRINGGARATA ', 'BAGU ', 'KELUARGA SEJAHTERA ', '1', '2'),
(248, 'SUPARIADI ', 'JABON TENTEN ', 'NUSA TENGGARA BARAT ', 'LOMBOK TENGAH ', 'PRINGGARATA ', 'BAGU ', 'KELUARGA SEJAHTERA ', '1', '3'),
(249, 'H. WALDI ', 'JABON TENTEN ', 'NUSA TENGGARA BARAT ', 'LOMBOK TENGAH ', 'PRINGGARATA ', 'BAGU ', 'KELUARGA SEJAHTERA ', '1', '2'),
(250, 'ZUNNURAEN ', 'JABON TENTEN ', 'NUSA TENGGARA BARAT ', 'LOMBOK TENGAH ', 'PRINGGARATA ', 'BAGU ', 'KELUARGA SEJAHTERA ', '1', '2'),
(251, 'IZI ', 'JABON TENTEN ', 'NUSA TENGGARA BARAT ', 'LOMBOK TENGAH ', 'PRINGGARATA ', 'BAGU ', 'KELUARGA SEJAHTERA ', '1', '3'),
(252, 'M. FAUZI ', 'JABON TENTEN ', 'NUSA TENGGARA BARAT ', 'LOMBOK TENGAH ', 'PRINGGARATA ', 'BAGU ', 'KELUARGA SEJAHTERA ', '0', '0'),
(253, 'DARMAWAN ', 'BAGU TIMUR SELATAN ', 'NUSA TENGGARA BARAT ', 'LOMBOK TENGAH ', 'PRINGGARATA ', 'BAGU ', 'LESTARI ', '0', '0'),
(254, 'L. SAHRI ', 'BAGU SELATAN ', 'NUSA TENGGARA BARAT ', 'LOMBOK TENGAH ', 'PRINGGARATA ', 'BAGU ', 'MEKAR  ', '1', '3'),
(255, 'MARZAN ', 'BAU SELATAN ', 'NUSA TENGGARA BARAT ', 'LOMBOK TENGAH ', 'PRINGGARATA ', 'BAGU ', 'MEKAR  ', '1', '3'),
(256, 'NAJAMUDIN ', 'PENEGUK DAYE ', 'NUSA TENGGARA BARAT ', 'LOMBOK TENGAH ', 'PRINGGARATA ', 'BAGU ', 'MEKAR INDAH ', '1', '2'),
(257, 'MUNAWAR ', 'PENEGUK DAYE ', 'NUSA TENGGARA BARAT ', 'LOMBOK TENGAH ', 'PRINGGARATA ', 'BAGU ', 'MEKAR INDAH ', '1', '2'),
(258, 'SITI KAMARIAH ', 'BAGU DASAN ', 'NUSA TENGGARA BARAT ', 'LOMBOK TENGAH ', 'PRINGGARATA ', 'BAGU ', 'MEKAR SARI ', '1', '2'),
(259, 'KAMALUDIN ', 'BAGU DASAN ', 'NUSA TENGGARA BARAT ', 'LOMBOK TENGAH ', 'PRINGGARATA ', 'BAGU ', 'MEKAR SARI ', '0', '0'),
(260, 'FAUZAN ', 'BAGU TIMUR UTARA ', 'NUSA TENGGARA BARAT ', 'LOMBOK TENGAH ', 'PRINGGARATA ', 'BAGU ', 'MELATI ', '1', '3'),
(261, 'ABDUL HAMID ', 'BAGU TIMUR UTARA ', 'NUSA TENGGARA BARAT ', 'LOMBOK TENGAH ', 'PRINGGARATA ', 'BAGU ', 'MELATI ', '1', '3'),
(262, 'SUHADAK ', 'BAGU TIMUR UTARA ', 'NUSA TENGGARA BARAT ', 'LOMBOK TENGAH ', 'PRINGGARATA ', 'BAGU ', 'MELATI ', '1', '3'),
(263, 'DARMAH ', 'REPOQ MEDAS ', 'NUSA TENGGARA BARAT ', 'LOMBOK TENGAH ', 'PRINGGARATA ', 'BAGU ', 'MUTIARA HATI ', '1', '2'),
(264, 'KADEK SRI ASTINI ', 'JENGGALA ', 'NUSA TENGGARA BARAT ', 'LOMBOK TENGAH ', 'PRINGGARATA ', 'BILEBANTE ', 'BARINGIN TEDUH ', '2', '1'),
(265, 'NYOMAN ARINI ', 'JENGGALA ', 'NUSA TENGGARA BARAT ', 'LOMBOK TENGAH ', 'PRINGGARATA ', 'BILEBANTE ', 'BARINGIN TEDUH ', '2', '1'),
(266, 'IHSAN ', 'MENEMENG KEBON ', 'NUSA TENGGARA BARAT ', 'LOMBOK TENGAH ', 'PRINGGARATA ', 'MENEMENG ', 'MEKAR SARI ', '1', '3'),
(267, 'JUNAIDI ', 'MONTONG ARE ', 'NUSA TENGGARA BARAT ', 'LOMBOK TENGAH ', 'PRINGGARATA ', 'MENEMENG ', 'HARAPAN JAYA ', '2', '3'),
(268, 'FAIZIN ', 'MONTONG ARE ', 'NUSA TENGGARA BARAT ', 'LOMBOK TENGAH ', 'PRINGGARATA ', 'MENEMENG ', 'HARAPAN JAYA ', '1', '3'),
(269, 'RUSNIATI ', 'MONTONG ARA ', 'NUSA TENGGARA BARAT ', 'LOMBOK TENGAH ', 'PRINGGARATA ', 'MENEMENG ', 'HARAPAN JAYA ', '1', '3'),
(270, 'MURDANU ', 'MONTONG ARE ', 'NUSA TENGGARA BARAT ', 'LOMBOK TENGAH ', 'PRINGGARATA ', 'MENEMENG ', 'HARAPAN JAYA ', '2', '3'),
(271, 'YANA ', 'MONTONG ARA ', 'NUSA TENGGARA BARAT ', 'LOMBOK TENGAH ', 'PRINGGARATA ', 'MENEMENG ', 'HARAPAN JAYA ', '1', '3'),
(272, 'NURIMIN ', 'MONTONG ARE ', 'NUSA TENGGARA BARAT ', 'LOMBOK TENGAH ', 'PRINGGARATA ', 'MENEMENG ', 'HARAPAN JAYA ', '1', '2'),
(273, 'NURHALIMAH ', 'MONTONG ARA ', 'NUSA TENGGARA BARAT ', 'LOMBOK TENGAH ', 'PRINGGARATA ', 'MENEMENG ', 'HARAPAN JAYA ', '0', '0'),
(274, 'ISNAINI ', 'DASAN MONTONG ', 'NUSA TENGGARA BARAT ', 'LOMBOK TENGAH ', 'PRINGGARATA ', 'SINTUNG ', 'MONTONG JAYA ', '1', '2'),
(275, 'MUTAHAR ', 'DASAN TELAGE ', 'NUSA TENGGARA BARAT ', 'LOMBOK TENGAH ', 'PRINGGARATA ', 'SINTUNG ', 'TELAGA RENA ', '3', '1');

-- --------------------------------------------------------

--
-- Table structure for table `data_user`
--

CREATE TABLE `data_user` (
  `id` int(11) NOT NULL,
  `username` varchar(255) NOT NULL,
  `email` varchar(255) NOT NULL,
  `password` varchar(255) NOT NULL,
  `role` varchar(50) NOT NULL
) ENGINE=InnoDB DEFAULT CHARSET=utf8mb4;

--
-- Dumping data for table `data_user`
--

INSERT INTO `data_user` (`id`, `username`, `email`, `password`, `role`) VALUES
(6, 'Maoelana', 'maulanamuhammad2000@gmail.com', 'Nadela123', 'User'),
(7, 'admin', 'admin@gmail.com', 'admin', 'user');

--
-- Indexes for dumped tables
--

--
-- Indexes for table `alembic_version`
--
ALTER TABLE `alembic_version`
  ADD PRIMARY KEY (`version_num`);

--
-- Indexes for table `data_anak`
--
ALTER TABLE `data_anak`
  ADD PRIMARY KEY (`id`),
  ADD UNIQUE KEY `id_orangtua` (`id_orang_tua`);

--
-- Indexes for table `data_gizi`
--
ALTER TABLE `data_gizi`
  ADD PRIMARY KEY (`id`),
  ADD UNIQUE KEY `id_anak` (`id_anak`);

--
-- Indexes for table `data_orang_tua`
--
ALTER TABLE `data_orang_tua`
  ADD PRIMARY KEY (`id`);

--
-- Indexes for table `data_user`
--
ALTER TABLE `data_user`
  ADD PRIMARY KEY (`id`);

--
-- AUTO_INCREMENT for dumped tables
--

--
-- AUTO_INCREMENT for table `data_anak`
--
ALTER TABLE `data_anak`
  MODIFY `id` int(11) NOT NULL AUTO_INCREMENT, AUTO_INCREMENT=336;

--
-- AUTO_INCREMENT for table `data_gizi`
--
ALTER TABLE `data_gizi`
  MODIFY `id` int(11) NOT NULL AUTO_INCREMENT, AUTO_INCREMENT=266;

--
-- AUTO_INCREMENT for table `data_orang_tua`
--
ALTER TABLE `data_orang_tua`
  MODIFY `id` int(11) NOT NULL AUTO_INCREMENT, AUTO_INCREMENT=276;

--
-- AUTO_INCREMENT for table `data_user`
--
ALTER TABLE `data_user`
  MODIFY `id` int(11) NOT NULL AUTO_INCREMENT, AUTO_INCREMENT=8;

--
-- Constraints for dumped tables
--

--
-- Constraints for table `data_anak`
--
ALTER TABLE `data_anak`
  ADD CONSTRAINT `data_anak_ibfk_1` FOREIGN KEY (`id_orang_tua`) REFERENCES `data_orang_tua` (`id`) ON DELETE CASCADE ON UPDATE CASCADE;

--
-- Constraints for table `data_gizi`
--
ALTER TABLE `data_gizi`
  ADD CONSTRAINT `data_gizi_ibfk_1` FOREIGN KEY (`id_anak`) REFERENCES `data_anak` (`id`) ON DELETE CASCADE ON UPDATE CASCADE;
COMMIT;

/*!40101 SET CHARACTER_SET_CLIENT=@OLD_CHARACTER_SET_CLIENT */;
/*!40101 SET CHARACTER_SET_RESULTS=@OLD_CHARACTER_SET_RESULTS */;
/*!40101 SET COLLATION_CONNECTION=@OLD_COLLATION_CONNECTION */;
